title,episodes,mark,score,is_finish,series_follow,follows,coins,likes,danmus,views,area,count,season_type,season_id,media_id,link
欢迎来到加帕里公园 第二季,全12话,会员专享,2.3,1,94175,22082,938,2611,665,676798,日本,0,1,27698,28220802,https://www.bilibili.com/bangumi/play/ss27698
兽娘动物园 2,全12话,会员专享,2.2,1,493192,80182,3674,9605,35938,2360012,日本,0,1,26295,5345112,https://www.bilibili.com/bangumi/play/ss26295
孤独摇滚！,更新至第2话,独家,,0,473719,473719,45161,103746,17122,3047351,日本,0,1,43164,28339735,https://www.bilibili.com/bangumi/play/ss43164
万能蔬菜卜卜侠,全1话,,,1,2142,2142,66,152,1139,41029,日本,0,1,958,958,https://www.bilibili.com/bangumi/play/ss958?theme=movie
麻衣的魔法和家庭日,全1话,,,1,4666,4666,36,8,281,44717,日本,0,1,957,957,https://www.bilibili.com/bangumi/play/ss957
苏希的动物园,全10话,,,1,3885,3885,106,198,846,84577,日本,0,1,945,945,https://www.bilibili.com/bangumi/play/ss945
X战警,全12话,,,1,25447,25447,296,838,5860,549565,日本,0,1,944,944,https://www.bilibili.com/bangumi/play/ss944
和殿下一起～眼罩之野心～,全12话,,,1,15824,6119,369,1041,268,73358,日本,0,1,937,937,https://www.bilibili.com/bangumi/play/ss937
和殿下一起 1分钟剧场,全12话,,,1,15824,12824,467,1432,221,90383,日本,0,1,936,936,https://www.bilibili.com/bangumi/play/ss936
怪物猎人日记 岌岌可危的猫猫村G,全13话,,,1,13976,13970,388,1270,4460,514340,日本,0,1,912,912,https://www.bilibili.com/bangumi/play/ss912
DOUBLE-J,全11话,,,1,16234,16234,229,381,4634,224716,日本,0,1,908,908,https://www.bilibili.com/bangumi/play/ss908
战国☆天堂 -极-,全26话,,,1,9567,9567,37,84,2261,180020,日本,0,1,892,892,https://www.bilibili.com/bangumi/play/ss892
金属对决 战斗陀螺 ZERO G,全38话,,,1,4532,4532,98,269,833,384897,日本,0,1,804,804,https://www.bilibili.com/bangumi/play/ss804
柴犬子,全26话,,,1,12195,12195,138,526,4368,409008,日本,0,1,798,798,https://www.bilibili.com/bangumi/play/ss798
希望宅邸3D 第二季,全13话,,,1,26520,8529,295,460,2567,288781,日本,0,1,776,776,https://www.bilibili.com/bangumi/play/ss776
激战！弹珠人 第二季,全12话,,,1,10630,3469,61,171,317,188040,日本,0,1,751,751,https://www.bilibili.com/bangumi/play/ss751
CROSS FIGHT 弹珠人,全52话,,,1,10630,9723,389,1054,4517,712863,日本,0,1,750,750,https://www.bilibili.com/bangumi/play/ss750
地狱幼稚园,全12话,,,1,9846,9846,141,316,1865,226205,日本,0,1,684,684,https://www.bilibili.com/bangumi/play/ss684
D·N·A² ~他到底失去了什么？~ OVA,全3话,,,1,44568,9584,1615,3132,11605,905162,日本,0,1,6532,7892,https://www.bilibili.com/bangumi/play/ss6532
DRIVE HEAD 机动救急警察,全37话,,,1,20543,20543,1203,7501,2890,1573453,日本,0,1,6522,6084,https://www.bilibili.com/bangumi/play/ss6522
新战神金刚：传奇的保护神 第二季,全13话,,,1,25713,4936,230,278,5343,208339,美国,0,1,6517,10872,https://www.bilibili.com/bangumi/play/ss6517
新战神金刚：传奇的保护神 第四季,全6话,,,1,25713,5451,358,328,2898,201677,美国,0,1,6516,7712,https://www.bilibili.com/bangumi/play/ss6516
新战神金刚：传奇的保护神 第三季,全7话,,,1,25713,4121,386,294,4327,253171,美国,0,1,6515,7692,https://www.bilibili.com/bangumi/play/ss6515
再造人卡辛（OVA）,全4话,,,1,119987,9047,216,847,820,159342,日本,0,1,6510,10832,https://www.bilibili.com/bangumi/play/ss6510
Onyankopon,全12话,出品,,1,7905,7905,479,1444,935,317864,日本,0,1,6501,7392,https://www.bilibili.com/bangumi/play/ss6501
破里拳 Hurricane Polimar,全26话,,,1,9364,9339,1315,1215,1010,285016,日本,0,1,6489,10612,https://www.bilibili.com/bangumi/play/ss6489
爱米 -WE LOVE RICE- 第二季,全12话,,,1,29823,23890,472,1335,810,278974,日本,0,1,6478,6478,https://www.bilibili.com/bangumi/play/ss6478
雨色Convention,全12话,独家,,1,194284,45705,898,2057,1161,567879,日本,0,1,6476,6476,https://www.bilibili.com/bangumi/play/ss6476
直白标题机器人动画,全12话,,,1,5316,5316,224,187,5566,210486,日本,0,1,642,642,https://www.bilibili.com/bangumi/play/ss642
新造人间卡辛（1973）,全35话,,,1,119987,14115,2978,1555,4007,321529,日本,0,1,6401,10572,https://www.bilibili.com/bangumi/play/ss6401
科学小飞侠 THE MOVIE,全1话,,,1,276008,4341,62,188,106,100385,日本,0,1,6399,6399,https://www.bilibili.com/bangumi/play/ss6399?theme=movie
先驱少女的日常茶饭事,全5话,,,1,5179,5179,147,135,365,64496,日本,0,1,6392,6392,https://www.bilibili.com/bangumi/play/ss6392
火影忍者舞台剧 虹桥艺术中心采访篇,全1话,,,1,43772,8323,325,2380,1258,1333033,日本,0,1,6384,6384,https://www.bilibili.com/bangumi/play/ss6384
PIKO太郎的摇篮曲,全12话,,,1,4416,4416,141,202,362,126152,日本,0,1,6378,6378,https://www.bilibili.com/bangumi/play/ss6378
解谜之音 KAITO×ANSA,全12话,,,1,93600,15218,149,459,1045,249973,日本,0,1,6376,6376,https://www.bilibili.com/bangumi/play/ss6376
科学小飞侠（1972）,全105话,,,1,276008,11797,8682,1185,1726,347580,日本,0,1,6246,6246,https://www.bilibili.com/bangumi/play/ss6246
决斗大师 VSRF,全51话,,,1,9226,6665,8652,2635,1320,582806,日本,0,1,6192,13287272,https://www.bilibili.com/bangumi/play/ss6192
兔龟 女高网球部外传 SP,全1话,,,1,204613,8314,151,220,99,68537,日本,0,1,6170,6170,https://www.bilibili.com/bangumi/play/ss6170
科学小飞侠F（1979）,全48话,,,1,276008,5209,2635,332,150,146680,日本,0,1,6160,6160,https://www.bilibili.com/bangumi/play/ss6160
科学小飞侠II（1978）,全52话,,,1,276008,5491,3057,1027,418,167972,日本,0,1,6144,6144,https://www.bilibili.com/bangumi/play/ss6144
侦探歌剧 少女福尔摩斯 派对之夜,全1话,,,1,138576,13799,500,337,1008,117380,日本,0,1,6136,6136,https://www.bilibili.com/bangumi/play/ss6136
阿信,全1话,,,1,7967,7967,570,956,1679,159979,日本,0,1,6087,6087,https://www.bilibili.com/bangumi/play/ss6087?theme=movie
银河战国群雄传,全52话,,,1,4249,4249,154,282,1451,163412,日本,0,1,6074,6074,https://www.bilibili.com/bangumi/play/ss6074
踢向明天,全52话,,,1,2704,2704,98,154,387,179494,日本,0,1,6072,6072,https://www.bilibili.com/bangumi/play/ss6072
怪物弹珠 第二季 前篇,全24话,,,1,70099,47236,7076,1017,5685,551920,日本,0,1,6059,6059,https://www.bilibili.com/bangumi/play/ss6059
魔法提琴手 剧场版,全1话,,,1,3062,3062,63,57,195,51553,日本,0,1,6037,6037,https://www.bilibili.com/bangumi/play/ss6037?theme=movie
World Fool News 2,全12话,,,1,28257,28257,758,2530,2322,408340,日本,0,1,6035,6035,https://www.bilibili.com/bangumi/play/ss6035
少年阿贝 GO!GO!小芝麻 第二季,全32话,,,1,46207,13469,992,2458,1878,333564,日本,0,1,6010,6010,https://www.bilibili.com/bangumi/play/ss6010
The Snack World,全50话,,,1,3740,3740,771,312,2564,209178,日本,0,1,6004,6004,https://www.bilibili.com/bangumi/play/ss6004
我是国王,全12话,,,1,5901,5901,202,223,3031,123139,日本,0,1,599,599,https://www.bilibili.com/bangumi/play/ss599
团地友夫,全79话,,,1,3355,1600,3892,19668,1330,77701,日本,0,1,597,1730,https://www.bilibili.com/bangumi/play/ss597
爱米 -WE LOVE RICE-,全12话,,,1,29823,8574,98,2852,233,153805,日本,0,1,5957,28229855,https://www.bilibili.com/bangumi/play/ss5957
如风似云,全1话,,,1,7424,7424,64,17,710,29354,日本,0,1,5949,5949,https://www.bilibili.com/bangumi/play/ss5949?theme=movie
银河机攻队MAJESTIC PRINCE 新作动画,全1话,独家,,1,70906,18823,288,706,829,380325,日本,0,1,5942,5942,https://www.bilibili.com/bangumi/play/ss5942
裸狼,全52话,,,1,2822,2822,8419,1119,7678,297082,日本,0,1,5931,5931,https://www.bilibili.com/bangumi/play/ss5931
八神君的家庭事件,全3话,,,1,4243,4243,120,152,814,43664,日本,0,1,5927,5927,https://www.bilibili.com/bangumi/play/ss5927
ZEGAPAIN ADP,全1话,,,1,39297,9926,209,258,606,127798,日本,0,1,5926,5926,https://www.bilibili.com/bangumi/play/ss5926?theme=movie
咪咪流浪记,全51话,,,1,7041,7041,340,649,2035,180524,日本,0,1,5925,5925,https://www.bilibili.com/bangumi/play/ss5925
超爆裂异次元卡片大战,全32话,独家,,1,1188,1188,1598,2938,385,52406,日本,0,1,5923,5923,https://www.bilibili.com/bangumi/play/ss5923
锁链战记～赫克瑟塔斯之光～短篇,全12话,,,1,502746,20735,505,458,279,882424,日本,0,1,5922,5922,https://www.bilibili.com/bangumi/play/ss5922
盖塔机器人 剧场版,全4话,,,1,32639,5696,220,654,1036,211268,日本,0,1,5920,5920,https://www.bilibili.com/bangumi/play/ss5920?theme=movie
盖塔机器人G,全39话,,,1,32639,8918,258,865,1594,320750,日本,0,1,5918,5918,https://www.bilibili.com/bangumi/play/ss5918
WASIMO 第三季,全44话,独家,,1,4691,1280,4672,14206,50,129619,日本,0,1,5915,5915,https://www.bilibili.com/bangumi/play/ss5915
WASIMO 第二季,全24话,独家,,1,4691,1137,1360,1484,179,51824,日本,0,1,5912,5912,https://www.bilibili.com/bangumi/play/ss5912
WASIMO,全10话,独家,,1,4691,3645,348,760,455,76571,日本,0,1,5911,5911,https://www.bilibili.com/bangumi/play/ss5911
咬屁屁虫 第四季,全10话,独家,,1,4993,1521,964,2127,94,186953,日本,0,1,5908,5908,https://www.bilibili.com/bangumi/play/ss5908
咬屁屁虫 第二季,全32话,独家,,1,4993,1306,1537,2644,202,98539,日本,0,1,5900,5900,https://www.bilibili.com/bangumi/play/ss5900
1磅的福音,全1话,,,1,3937,3937,260,293,464,59511,日本,0,1,5889,5889,https://www.bilibili.com/bangumi/play/ss5889
咬屁屁虫 第一季,全20话,独家,,1,4993,3457,903,1016,741,146664,日本,0,1,5887,5887,https://www.bilibili.com/bangumi/play/ss5887
敌人是海盗- 猫们的飨宴,全6话,,,1,2581,2581,48,49,43,30249,日本,0,1,5880,5880,https://www.bilibili.com/bangumi/play/ss5880
天才傻瓜 复活的弗兰德之犬,全1话,,,1,3130,3130,48,73,204,54206,日本,0,1,5866,5866,https://www.bilibili.com/bangumi/play/ss5866?theme=movie
学活！ 第二季,全25话,,,1,10669,9757,445,535,6443,439913,日本,0,1,586,586,https://www.bilibili.com/bangumi/play/ss586
魔天战神 OVA,全2话,,,1,2599,2599,85,135,162,46385,日本,0,1,5838,5838,https://www.bilibili.com/bangumi/play/ss5838
少年剑道王直角,全36话,,,1,1520,1520,42,63,123,31539,日本,0,1,5810,5810,https://www.bilibili.com/bangumi/play/ss5810
HEROMAN短篇,全3话,,,1,51147,2500,39,121,87,41354,日本,0,1,5766,5766,https://www.bilibili.com/bangumi/play/ss5766
火影忍者舞台剧 便服采访篇,全20话,,,1,43772,7775,206,822,1149,826346,日本,0,1,5764,5764,https://www.bilibili.com/bangumi/play/ss5764
怪力少女,全2话,,,1,5227,5227,91,222,415,60615,日本,0,1,5712,5712,https://www.bilibili.com/bangumi/play/ss5712
大小姐搜查网,全1话,,,1,4348,4348,93,165,328,44082,日本,0,1,5708,5708,https://www.bilibili.com/bangumi/play/ss5708
辛巴达 魔法之灯和移动岛,全1话,会员专享,,1,16668,9351,63,3165,49,41402,日本,0,1,5706,5706,https://www.bilibili.com/bangumi/play/ss5706?theme=movie
少女抚子恋爱手册,全1话,,,1,13312,13312,152,266,355,123046,日本,0,1,5705,5705,https://www.bilibili.com/bangumi/play/ss5705
火圣旅团999.9,全1话,,,1,2208,2208,44,58,116,32250,日本,0,1,5697,5697,https://www.bilibili.com/bangumi/play/ss5697
破邪大星弹劾凰,全3话,,,1,12809,12809,463,959,1392,187618,日本,0,1,5694,5694,https://www.bilibili.com/bangumi/play/ss5694
星梦手记 广播节目,全20话,,,1,129991,5910,442,507,698,290052,日本,0,1,5651,5651,https://www.bilibili.com/bangumi/play/ss5651
星梦手记 生放送,全5话,,,1,129991,5611,361,139,2267,106555,日本,0,1,5649,5649,https://www.bilibili.com/bangumi/play/ss5649
决斗大师VSR,全51话,,,1,9226,2652,3544,16414,454,170573,日本,0,1,5641,28221005,https://www.bilibili.com/bangumi/play/ss5641
拉链超人组,全1话,,,1,2669,2669,101,105,117,23485,日本,0,1,5638,5638,https://www.bilibili.com/bangumi/play/ss5638
火影忍者舞台剧,全5话,,,1,43772,37816,1888,5374,10531,5583485,日本,0,1,5604,5604,https://www.bilibili.com/bangumi/play/ss5604
小白角,全1话,,,1,4829,4829,342,417,2587,61846,日本,0,1,5598,5598,https://www.bilibili.com/bangumi/play/ss5598?theme=movie
Peeping Life -The Perfect Edit,全10话,,,1,36650,3280,106,195,339,67686,日本,0,1,5585,5585,https://www.bilibili.com/bangumi/play/ss5585
地狱堂灵界通信,全1话,,,1,2844,2844,60,82,190,29373,日本,0,1,5573,5573,https://www.bilibili.com/bangumi/play/ss5573
星梦手记 声优节目,全12话,,,1,129991,14495,3896,1328,14037,1205045,日本,0,1,5566,5566,https://www.bilibili.com/bangumi/play/ss5566
街角的童话,全1话,,,1,21214,21214,321,342,1416,101974,日本,0,1,5565,5565,https://www.bilibili.com/bangumi/play/ss5565
雨色可可 in Hawaii,全12话,独家,,1,194284,45167,484,583,2159,565343,日本,0,1,5564,5564,https://www.bilibili.com/bangumi/play/ss5564
Crane Game Girls 第二季,全12话,独家,,1,60351,24881,614,698,2852,251401,日本,0,1,5555,5555,https://www.bilibili.com/bangumi/play/ss5555
3年D班玻璃假面,全12话,,,1,3412,3412,190,154,611,138737,日本,0,1,5546,5546,https://www.bilibili.com/bangumi/play/ss5546
时间飞船24,全24话,,,1,61806,45836,995,1239,16309,871786,日本,0,1,5510,5510,https://www.bilibili.com/bangumi/play/ss5510
彼得潘的冒险,全41话,,,1,6828,6828,123,271,11,104039,日本,0,1,5496,5496,https://www.bilibili.com/bangumi/play/ss5496
赤足小子2,全1话,,,1,3212,1763,50,14,246,14174,日本,0,1,5493,5493,https://www.bilibili.com/bangumi/play/ss5493?theme=movie
地下巧克力 我们的巧克力战争,全1话,,,1,6036,6036,182,924,200,49899,日本,0,1,5483,5483,https://www.bilibili.com/bangumi/play/ss5483?theme=movie
超机甲发明小子,全21话,,,1,3198,3198,39,91,179,86244,日本,0,1,5478,5478,https://www.bilibili.com/bangumi/play/ss5478
秋叶原电脑组 2011年的暑假,全1话,,,1,3481,3362,12,23,55,21232,日本,0,1,5475,5475,https://www.bilibili.com/bangumi/play/ss5475?theme=movie
玩偶游戏,全1话,,,1,101132,10421,211,493,747,206333,日本,0,1,5471,5471,https://www.bilibili.com/bangumi/play/ss5471
精神力量,全2话,,,1,3550,3550,43,118,163,60214,日本,0,1,5463,5463,https://www.bilibili.com/bangumi/play/ss5463
至尊勇者,全50话,,,1,4205,4205,102,323,281,194214,日本,0,1,5453,5453,https://www.bilibili.com/bangumi/play/ss5453
幻想叙谭艾尔西亚,全4话,,,1,6172,6172,90,202,188,62350,日本,0,1,5452,5452,https://www.bilibili.com/bangumi/play/ss5452
幻梦战记莉达,全1话,,,1,4131,4131,121,201,249,45583,日本,0,1,5449,5449,https://www.bilibili.com/bangumi/play/ss5449
病毒,全12话,,,1,4111,4111,59,173,189,102347,日本,0,1,5444,5444,https://www.bilibili.com/bangumi/play/ss5444
宠猫学园,全10话,,,1,8077,8077,168,503,537,81845,日本,0,1,5442,5442,https://www.bilibili.com/bangumi/play/ss5442
比得兔（特别篇）,全5话,,,1,65154,11302,843,3564,1611,1838642,英国,0,1,5441,5441,https://www.bilibili.com/bangumi/play/ss5441
比得兔（第二季）,全52话,,,1,65154,19175,2067,7688,5480,14011362,英国,0,1,5440,5440,https://www.bilibili.com/bangumi/play/ss5440
究极超人R,全1话,,,1,4126,4126,59,147,241,76849,日本,0,1,5436,5436,https://www.bilibili.com/bangumi/play/ss5436
阿大是我哥,全1话,,,1,2298,2298,107,107,365,41847,日本,0,1,5432,5432,https://www.bilibili.com/bangumi/play/ss5432?theme=movie
生化体,全12话,,,1,11056,11056,120,314,723,143363,日本,0,1,5415,5415,https://www.bilibili.com/bangumi/play/ss5415
弹道,全26话,,,1,3561,3561,76,144,500,137152,日本,0,1,5414,5414,https://www.bilibili.com/bangumi/play/ss5414
小妇人（中配）,全26话,,,1,17303,9891,196,528,1069,239050,日本,0,1,5411,5411,https://www.bilibili.com/bangumi/play/ss5411
小妇人,全26话,,,1,17303,9531,183,753,490,180717,日本,0,1,5410,5410,https://www.bilibili.com/bangumi/play/ss5410
千叶脚踏板,全5话,,,1,303166,15554,300,846,423,821130,日本,0,1,5405,5405,https://www.bilibili.com/bangumi/play/ss5405
罐装萌兽,全52话,,,1,2746,2746,61,87,252,72733,韩国,0,1,5396,5396,https://www.bilibili.com/bangumi/play/ss5396
舞武器舞亂伎,全12话,,,1,324328,11707,188,427,1111,314066,日本,0,1,5388,5388,https://www.bilibili.com/bangumi/play/ss5388
猪猪秀 第三季,全34话,,,1,6644,6644,604,1703,802,3445414,其他,0,1,5385,5385,https://www.bilibili.com/bangumi/play/ss5385
危险调查员,全39话,,,1,33715,5954,205,333,619,104592,日本,0,1,5381,5381,https://www.bilibili.com/bangumi/play/ss5381
激斗战车（中文）,全50话,,,1,11415,5062,173,346,793,326935,日本,0,1,5380,5380,https://www.bilibili.com/bangumi/play/ss5380
网络争霸战,全1话,,,1,2348,2348,17,6,33,17671,日本,0,1,5356,5356,https://www.bilibili.com/bangumi/play/ss5356
爆旋陀螺,全50话,,,1,9297,9296,280,614,1965,501028,日本,0,1,5336,5336,https://www.bilibili.com/bangumi/play/ss5336
恋爱占卜师,全51话,,,1,16580,16580,195,371,3926,369000,日本,0,1,5327,5327,https://www.bilibili.com/bangumi/play/ss5327
基因攻防战,全13话,,,1,14961,14961,122,280,1345,177389,日本,0,1,5320,5320,https://www.bilibili.com/bangumi/play/ss5320
愿你在此,全4话,,,1,9021,9021,196,903,48,31399,日本,0,1,5285,5285,https://www.bilibili.com/bangumi/play/ss5285
完全胜利大帝王,全1话,,,1,1721,1721,35,137,33,49295,日本,0,1,5274,5274,https://www.bilibili.com/bangumi/play/ss5274
加州危机,全1话,,,1,2813,2813,96,139,211,31929,日本,0,1,5273,5273,https://www.bilibili.com/bangumi/play/ss5273
时空转抄纳斯卡,全12话,,,1,5095,5095,42,75,242,55173,日本,0,1,5270,5270,https://www.bilibili.com/bangumi/play/ss5270
爆斗宣言大钢弹,全39话,,,1,1213,1213,1444,4015,55,73559,日本,0,1,5233,131752,https://www.bilibili.com/bangumi/play/ss5233
立食师列传,全1话,,,1,4561,4561,40,13,414,34012,日本,0,1,5225,5225,https://www.bilibili.com/bangumi/play/ss5225?theme=movie
蓝色计划 地球SOS,全6话,,,1,2271,2271,125,128,389,28556,日本,0,1,5223,5223,https://www.bilibili.com/bangumi/play/ss5223
科学小飞侠 OVA（1994）,全3话,,,1,276008,13905,112,670,203,141913,日本,0,1,521,521,https://www.bilibili.com/bangumi/play/ss521
飞天少女猪,全51话,,,1,12152,12152,250,364,1423,168338,日本,0,1,5209,5209,https://www.bilibili.com/bangumi/play/ss5209
雅诺斯的梦幻,全1话,,,1,2895,2895,120,286,285,212939,德国,0,1,5208,5208,https://www.bilibili.com/bangumi/play/ss5208
铁鼻子,全52话,,,1,1512,1512,40,77,219,51319,法国,0,1,5205,5205,https://www.bilibili.com/bangumi/play/ss5205
金星战记,全1话,,,1,7455,7455,419,757,1003,118979,日本,0,1,5186,5186,https://www.bilibili.com/bangumi/play/ss5186?theme=movie
星际少年队,全26话,会员专享,,1,15826,15826,2245,2861,479,169606,日本,0,1,5179,5179,https://www.bilibili.com/bangumi/play/ss5179
死体兵,全13话,,,1,16740,16740,97,310,784,179333,日本,0,1,5146,5146,https://www.bilibili.com/bangumi/play/ss5146
东月西阳,全17话,,,1,26192,26192,355,531,1828,306430,日本,0,1,5138,5138,https://www.bilibili.com/bangumi/play/ss5138
魔法少女加奈,全13话,,,1,15248,15248,90,327,1248,230574,日本,0,1,5134,5134,https://www.bilibili.com/bangumi/play/ss5134
战斗之魂 双重驱动,全51话,,,1,22594,10675,1430,1296,12018,1533480,日本,0,1,5119,5119,https://www.bilibili.com/bangumi/play/ss5119
玻璃兔,全1话,,,1,5380,5380,93,125,791,41138,日本,0,1,5116,5116,https://www.bilibili.com/bangumi/play/ss5116?theme=movie
战斗妖精少女 救救我！小Mave,全1话,,,1,7763,7763,118,200,918,67092,日本,0,1,5100,5100,https://www.bilibili.com/bangumi/play/ss5100
梦幻骑士IV 时之旅人,全1话,,,1,3823,3823,33,130,94,50642,日本,0,1,5096,5096,https://www.bilibili.com/bangumi/play/ss5096
恋恋七人组,全13话,,,1,26776,26776,446,1046,3420,1187289,日本,0,1,5090,5090,https://www.bilibili.com/bangumi/play/ss5090
雪之女王,全39话,,,1,4702,4702,98,202,853,95458,日本,0,1,5081,5081,https://www.bilibili.com/bangumi/play/ss5081
永远的艾塞莉娅,全2话,,,1,20400,20400,125,396,888,200603,日本,0,1,5077,5077,https://www.bilibili.com/bangumi/play/ss5077
魔法巧克力专门店,全13话,,,1,23951,23951,193,324,5986,400107,日本,0,1,5067,5067,https://www.bilibili.com/bangumi/play/ss5067
Thunderbolt Fantasy 东离剑游纪,全13话,独家,,1,434756,400787,58761,9833,427064,14477995,日本,0,1,5064,5064,https://www.bilibili.com/bangumi/play/ss5064
梦之祭！研究室,全47话,独家,,1,211606,35544,930,5915,9539,846216,日本,0,1,5061,5061,https://www.bilibili.com/bangumi/play/ss5061
思考与绘画：日本新世纪艺术动画,全9话,,,1,16164,16164,246,321,1688,104566,日本,0,1,5004,5004,https://www.bilibili.com/bangumi/play/ss5004
幸福之祈祷,全1话,,,1,6425,6425,92,107,250,35713,日本,0,1,5002,5002,https://www.bilibili.com/bangumi/play/ss5002
河童的饲养方法,全6话,,,1,8231,8231,136,203,926,74866,日本,0,1,4994,4994,https://www.bilibili.com/bangumi/play/ss4994
克拉斯特学院,全25话,,,1,16405,16382,144,234,3976,244662,日本,0,1,4993,4993,https://www.bilibili.com/bangumi/play/ss4993
高机动幻想GPO 第二季,全24话,,,1,7910,7910,38,103,943,156066,日本,0,1,4992,4992,https://www.bilibili.com/bangumi/play/ss4992
彻之进,全51话,,,1,1774,1774,3050,3511,112,53636,日本,0,1,4955,142412,https://www.bilibili.com/bangumi/play/ss4955
战吼,全13话,,,1,18174,18174,223,588,1989,291344,日本,0,1,4954,4954,https://www.bilibili.com/bangumi/play/ss4954
轰烈弹珠人,全50话,,,1,2440,2440,53,113,162,124488,日本,0,1,4951,4951,https://www.bilibili.com/bangumi/play/ss4951
练马萝卜兄弟,全12话,,,1,2088,2088,102,122,702,23737,日本,0,1,4948,4948,https://www.bilibili.com/bangumi/play/ss4948
警察战车队 TANK S.W.A.T.,全1话,,,1,3503,3503,33,96,169,63351,日本,0,1,4935,4935,https://www.bilibili.com/bangumi/play/ss4935
骇客时空 根源,全26话,会员专享,,1,26138,26138,3552,796,3834,299230,日本,0,1,4925,4925,https://www.bilibili.com/bangumi/play/ss4925
蜜×蜜水果糖,全2话,,,1,28622,28622,233,692,7746,525214,日本,0,1,4918,4918,https://www.bilibili.com/bangumi/play/ss4918
幻影小精灵的主谋者,全1话,,,1,11242,11242,156,56,4991,328744,日本,0,1,4917,4917,https://www.bilibili.com/bangumi/play/ss4917
砂沙美魔法少女俱乐部 第一季,全13话,,,1,19246,16751,809,1305,779,155404,日本,0,1,4886,4886,https://www.bilibili.com/bangumi/play/ss4886
砂沙美魔法少女俱乐部 第二季,全13话,,,1,19246,9040,454,925,474,100584,日本,0,1,4885,4885,https://www.bilibili.com/bangumi/play/ss4885
BALDR FORCE EXE RESOLUTION,全4话,,,1,19508,19508,212,495,1178,230181,日本,0,1,4875,4875,https://www.bilibili.com/bangumi/play/ss4875
骇客时空 G.U.TRILOGY,全1话,,,1,28699,28699,453,1388,946,309833,日本,0,1,4831,4831,https://www.bilibili.com/bangumi/play/ss4831?theme=movie
恋爱天使 安琪莉可～心觉醒之时～,全13话,,,1,36763,34040,382,1118,7306,621094,日本,0,1,4823,4823,https://www.bilibili.com/bangumi/play/ss4823
史诗创造者年代纪,全12话,,,1,2915,2915,37,45,135,33358,日本,0,1,4817,4817,https://www.bilibili.com/bangumi/play/ss4817
GR铁甲人,全13话,,,1,5137,5137,178,381,799,142641,日本,0,1,4815,4815,https://www.bilibili.com/bangumi/play/ss4815
Happiness! 渡良濑准华丽的一天,全1话,,,1,63740,12306,777,811,8545,406502,日本,0,1,4814,4814,https://www.bilibili.com/bangumi/play/ss4814
初瓣,全12话,,,1,31131,31131,675,551,3494,314297,日本,0,1,4810,4810,https://www.bilibili.com/bangumi/play/ss4810
我家三姐妹,全13话,,,1,3924,3924,33,6,235,41172,日本,0,1,4778,4778,https://www.bilibili.com/bangumi/play/ss4778
少年阿贝 GO!GO!小芝麻,全32话,,,1,46207,21516,982,568,10090,591745,日本,0,1,4771,4771,https://www.bilibili.com/bangumi/play/ss4771
小双侠,全62话,,,1,5724,3769,4746,2810,523,145086,日本,0,1,4695,129072,https://www.bilibili.com/bangumi/play/ss4695
猴兔超人,全4话,,,1,1110,1110,44,78,123,39075,日本,0,1,4678,4678,https://www.bilibili.com/bangumi/play/ss4678
超级街头霸王4,全1话,,,1,18605,18605,772,1787,4247,536699,日本,0,1,4653,4653,https://www.bilibili.com/bangumi/play/ss4653
剧场传说,全5话,,,1,4976,4976,112,78,1341,88990,日本,0,1,4608,4608,https://www.bilibili.com/bangumi/play/ss4608
侠猪布塔,全1话,,,1,7759,7759,51,69,1324,54229,日本,0,1,4606,4606,https://www.bilibili.com/bangumi/play/ss4606?theme=movie
声优战队VOICESTORM7,全11话,,,1,21217,21217,1421,603,2544,253008,日本,0,1,460,460,https://www.bilibili.com/bangumi/play/ss460
农业娘,全1话,,,1,2276,2276,104,186,152,26478,日本,0,1,4578,4578,https://www.bilibili.com/bangumi/play/ss4578
爆TECH！爆丸,全51话,,,1,4369,3967,4613,1095,648,277321,日本,0,1,4557,131732,https://www.bilibili.com/bangumi/play/ss4557
野良剧,全1话,,,1,10806,10806,124,94,537,67299,日本,0,1,4552,4552,https://www.bilibili.com/bangumi/play/ss4552
装甲骑兵 孤影再临,全1话,,,1,6277,6253,193,367,906,102124,日本,0,1,4547,4547,https://www.bilibili.com/bangumi/play/ss4547
玛丽莫之花~最强武斗派小学生传说~,全1话,,,1,6953,6953,45,127,674,53258,日本,0,1,4541,4541,https://www.bilibili.com/bangumi/play/ss4541
温柔进行曲-The Tender March-,全1话,,,1,18676,18676,254,27,403,45116,日本,0,1,4538,4538,https://www.bilibili.com/bangumi/play/ss4538
是魔法使的话就吃味噌,全1话,,,1,26459,26459,249,1789,4110,356186,日本,0,1,4524,4524,https://www.bilibili.com/bangumi/play/ss4524
剧场版 宝石宠物 甜蜜舞蹈公主,全1话,,,1,132567,11096,155,1286,402,168751,日本,0,1,4508,4508,https://www.bilibili.com/bangumi/play/ss4508?theme=movie
Xi AVANT,全4话,,,1,13037,13037,40,92,387,117472,日本,0,1,4488,4488,https://www.bilibili.com/bangumi/play/ss4488?theme=movie
桥的那一边,全1话,,,1,27136,27136,202,256,606,575382,日本,0,1,4467,4467,https://www.bilibili.com/bangumi/play/ss4467
决斗大师 Victory V3,全3话,,,1,3459,1193,4132,6784,437,107531,日本,0,1,4433,132192,https://www.bilibili.com/bangumi/play/ss4433
巧克力小狗,全1话,,,1,8975,8975,182,233,1344,105698,日本,0,1,4432,4432,https://www.bilibili.com/bangumi/play/ss4432
迷你加尔刚蒂亚,全13话,,,1,370707,9739,406,642,1299,523262,日本,0,1,4427,4427,https://www.bilibili.com/bangumi/play/ss4427
真・进化之实 踏上胜利的人生,即将开播,出品,,0,1709454,1702739,230,3603,74,138947,日本,0,1,43744,28340325,https://www.bilibili.com/bangumi/play/ss43744
天线宝宝无处不在 第一季 中文配音,全13话,会员专享,,1,341766,174,35,231,1,17427,英国,0,1,43631,28340205,https://www.bilibili.com/bangumi/play/ss43631
天线宝宝无处不在 第一季,全13话,会员专享,,1,341766,335473,46,287,16,20174,英国,0,1,43630,28340204,https://www.bilibili.com/bangumi/play/ss43630
超速变形螺旋杰特,全51话,,,1,12807,12807,2341,4632,1246,1448812,日本,0,1,4342,28220473,https://www.bilibili.com/bangumi/play/ss4342
名侦探柯南：零的日常（中配）,全6话,会员专享,,1,6018286,1401387,1764,15117,1566,995356,日本,0,1,43265,28339838,https://www.bilibili.com/bangumi/play/ss43265
机动战士高达：水星的魔女,,独家,,0,260919,260919,3002,12636,306,950633,日本,0,1,43165,28339736,https://www.bilibili.com/bangumi/play/ss43165
团团奇米莫（中配版）,更新至06B,,,0,45072,2018,1472,34195,165,311297,日本,0,1,43163,28339734,https://www.bilibili.com/bangumi/play/ss43163
少女手工,更新至第2话,会员专享,,0,48902,48902,1650,6539,1311,194880,日本,0,1,43155,28339723,https://www.bilibili.com/bangumi/play/ss43155
致不灭的你 第二季,,独家,,0,4879105,4820806,3743,23260,949,928425,日本,0,1,43148,28339716,https://www.bilibili.com/bangumi/play/ss43148
入间同学入魔了 第三季,,会员抢先,,0,3859387,3818049,2975,24146,1253,1280311,日本,0,1,43142,28339710,https://www.bilibili.com/bangumi/play/ss43142
噬谎者 OVA,全1话,,,1,10865,10865,289,449,946,208019,日本,0,1,4305,4305,https://www.bilibili.com/bangumi/play/ss4305
新世界 未来篇,全1话,,,1,29778,29778,233,481,1026,188203,日本,0,1,4302,4302,https://www.bilibili.com/bangumi/play/ss4302
神在月的孩子,全1话,独家,,1,11873,11873,226,4202,209,155469,日本,0,1,42996,28339551,https://www.bilibili.com/bangumi/play/ss42996?theme=movie
班班和莉莉的小王国 第二季 中文配音,全52话,会员专享,,1,2326,1273,375,733,36,1184903,英国,0,1,42924,28339476,https://www.bilibili.com/bangumi/play/ss42924
班班和莉莉的小王国 第一季  中文配音,全52话,,,1,2326,1363,288,693,50,1084304,英国,0,1,42923,28339475,https://www.bilibili.com/bangumi/play/ss42923
RE：人造人009,全1话,,,1,55577,37323,647,1423,7670,449374,日本,0,1,4285,4285,https://www.bilibili.com/bangumi/play/ss4285?theme=movie
古町与团五郎,全4话,,,1,1323,1323,47,74,108,22059,日本,0,1,4277,4277,https://www.bilibili.com/bangumi/play/ss4277
圣诞老人公司,全1话,,,1,19108,11517,127,252,1039,78656,日本,0,1,4259,4259,https://www.bilibili.com/bangumi/play/ss4259?theme=movie
小P优优 第五季 中文配音,全32话,,,1,572,572,103,309,12,337434,西班牙,0,1,42390,28338845,https://www.bilibili.com/bangumi/play/ss42390
柯基和伙伴的日常 第二季,全20话,,,1,171252,4812,405,1733,169,90085,韩国,0,1,42389,28338844,https://www.bilibili.com/bangumi/play/ss42389
白砂糖战士,全3话,,,1,42067,42067,211,649,709,445915,日本,0,1,4234,4234,https://www.bilibili.com/bangumi/play/ss4234
哥斯拉：噬星者,敬请期待,独家,,0,199085,169432,174,1568,37,239035,日本,0,2,42327,28338782,https://www.bilibili.com/bangumi/play/ss42327?theme=movie
史努比太空历险记 第一季 中文配音,全12话,会员专享,,1,18088,2686,294,904,62,630755,加拿大,0,1,42310,28338758,https://www.bilibili.com/bangumi/play/ss42310
雾熊s,全13话,,,1,4902,4902,285,125,697,225063,日本,0,1,4224,4224,https://www.bilibili.com/bangumi/play/ss4224
钢铁侠：噬甲危机,2013-04-16上映,会员特价,,1,0,4960,113,7759,122,320292,日本,0,2,42049,28338381,https://www.bilibili.com/bangumi/play/ss42049?theme=movie
小羊驼拉玛 中文配音,全50话,会员专享,,1,932,451,131,234,12,287331,美国,0,1,42034,28338347,https://www.bilibili.com/bangumi/play/ss42034
走开独角兽 中文配音,全52话,,,1,844,513,77,352,7,840919,加拿大,0,1,42033,28338345,https://www.bilibili.com/bangumi/play/ss42033
走开独角兽,全52话,,,1,844,415,40,464,16,159700,加拿大,0,1,42032,28338343,https://www.bilibili.com/bangumi/play/ss42032
 至Q宠物屋 第4季 中文配音,全26话,,,1,3504,829,53,477,108,257365,美国,0,1,42031,28338341,https://www.bilibili.com/bangumi/play/ss42031
至Q宠物屋 第4季,全26话,,,1,3504,675,34,339,71,31002,美国,0,1,42030,28338339,https://www.bilibili.com/bangumi/play/ss42030
至Q宠物屋 第3季 中文配音,全26话,,,1,3504,1017,51,625,111,47483,美国,0,1,42029,28338337,https://www.bilibili.com/bangumi/play/ss42029
至Q宠物屋 第3季,全26话,,,1,3504,2038,70,766,127,72166,美国,0,1,42028,28338335,https://www.bilibili.com/bangumi/play/ss42028
忍者龟 第三季 中文配音,,,,0,14885,1059,37,202,3,29549,美国,0,1,41967,28338196,https://www.bilibili.com/bangumi/play/ss41967
忍者龟 第三季,,,,0,14885,957,30,174,0,27089,美国,0,1,41966,28338194,https://www.bilibili.com/bangumi/play/ss41966
忍者龟 第二季 中文配音,,,,0,14885,860,18,167,16,29534,美国,0,1,41965,28338192,https://www.bilibili.com/bangumi/play/ss41965
忍者龟 第二季,,,,0,14885,988,40,178,3,38978,美国,0,1,41964,28338190,https://www.bilibili.com/bangumi/play/ss41964
忍者龟 第一季 中文配音,,,,0,14885,8032,106,665,40,77706,美国,0,1,41963,28338188,https://www.bilibili.com/bangumi/play/ss41963
忍者龟 第一季,,,,0,14885,2611,129,603,36,64258,美国,0,1,41962,28338186,https://www.bilibili.com/bangumi/play/ss41962
小怪兽成长日记 蹒跚学步（中配）,全26话,会员专享,,1,6657,1072,116,434,29,542504,日本,0,1,41959,28338172,https://www.bilibili.com/bangumi/play/ss41959
小怪兽成长日记 蹒跚学步,全26话,会员专享,,1,6657,2018,181,3165,53,587979,日本,0,1,41958,28338170,https://www.bilibili.com/bangumi/play/ss41958
奥特英雄传泽塔 英雄之路（中配）,全25话,会员专享,,1,756386,3670,460,2344,415,1425015,日本,0,1,41957,28338168,https://www.bilibili.com/bangumi/play/ss41957
捷德奥特曼剧场版 连接吧！心愿！！（中配）,全1话,会员专享,,1,1615800,3609,406,2070,915,700408,日本,0,1,41953,28338160,https://www.bilibili.com/bangumi/play/ss41953?theme=movie
罗布奥特曼剧场版 决定了！羁绊的水晶（中配）,全1话,会员专享,,1,1615800,3188,374,1431,580,636431,日本,0,1,41951,28338156,https://www.bilibili.com/bangumi/play/ss41951?theme=movie
赛文加格斗（中配）,全7话,会员专享,,1,159310,3768,267,2143,280,1167403,日本,0,1,41949,28338152,https://www.bilibili.com/bangumi/play/ss41949
银河奥特曼S剧场版 决战！奥特10勇士！！（中配）,全1话,,,1,1615800,5826,674,3035,1965,757203,日本,0,1,41944,28338142,https://www.bilibili.com/bangumi/play/ss41944?theme=movie
憨豆先生动画版 第二季,全52话,会员专享,,1,127637,9223,2313,4892,319,3784853,英国,0,1,41932,28338118,https://www.bilibili.com/bangumi/play/ss41932
星际宝贝: 神奇大冒险 第1季 中文配音,更新至第6话,会员专享,,0,34180,11368,647,2800,627,407128,日本,0,1,41924,28337828,https://www.bilibili.com/bangumi/play/ss41924
星际宝贝: 神奇大冒险 第1季,更新至第6话,会员专享,,0,34181,25848,715,5895,329,466295,日本,0,1,41923,28337826,https://www.bilibili.com/bangumi/play/ss41923
超能陆战队动画系列 第1季 中文配音,,,,0,2421,846,18,161,4,76379,美国,0,1,41922,28337824,https://www.bilibili.com/bangumi/play/ss41922
超能陆战队动画系列 第1季,,,,0,2421,1843,25,538,0,73730,美国,0,1,41921,28337822,https://www.bilibili.com/bangumi/play/ss41921
彭彭丁满历险记 第1季 中文配音,,,,0,5472,4950,12,64,0,32171,美国,0,1,41918,28337816,https://www.bilibili.com/bangumi/play/ss41918
彭彭丁满历险记 第1季,,,,0,5472,701,9,257,1,57716,美国,0,1,41917,28337814,https://www.bilibili.com/bangumi/play/ss41917
新唐老鸭俱乐部 第1季,,,,0,8567,1230,44,334,2,44367,美国,0,1,41916,28337812,https://www.bilibili.com/bangumi/play/ss41916
新唐老鸭俱乐部 第1季 中文配音,,,,0,8567,7627,27,101,0,24165,美国,0,1,41915,28337810,https://www.bilibili.com/bangumi/play/ss41915
特工宾奇 第一季 中文配音,全52话,,,1,700,543,142,552,10,1404546,加拿大,0,1,41872,28337718,https://www.bilibili.com/bangumi/play/ss41872
特工宾奇 第一季,全52话,,,1,700,226,65,198,4,230050,加拿大,0,1,41871,28337716,https://www.bilibili.com/bangumi/play/ss41871
决斗大师VS,全49话,,,1,9226,3095,3000,1220,874,193899,日本,0,1,4186,142452,https://www.bilibili.com/bangumi/play/ss4186
小羊驼拉玛,全50话,会员专享,,1,932,542,68,373,13,284431,美国,0,1,41617,28237326,https://www.bilibili.com/bangumi/play/ss41617
故事少女穗乃花,全1话,,,1,15600,15600,173,397,594,99874,日本,0,1,4153,4153,https://www.bilibili.com/bangumi/play/ss4153
瑞奇宝宝 第二季 中文配音,全52话,,,1,6933,3081,1066,2475,131,3350209,俄罗斯,0,1,41386,28237094,https://www.bilibili.com/bangumi/play/ss41386
瑞奇宝宝 第一季 中文配音,全52话,,,1,6933,4917,1790,2747,178,6024790,俄罗斯,0,1,41378,28237086,https://www.bilibili.com/bangumi/play/ss41378
热血人面犬,全3话,,,1,5020,5020,54,125,816,88362,日本,0,1,4134,4134,https://www.bilibili.com/bangumi/play/ss4134
洛克人：全面充能 第一季 中文配音,全52话,,,1,2581,1825,318,4134,396,375078,美国,0,1,41324,28237032,https://www.bilibili.com/bangumi/play/ss41324
小恐龙可可奈 第二季,全52话,,,1,2114,2114,135,2183,38,262587,美国,0,1,41322,28237030,https://www.bilibili.com/bangumi/play/ss41322
变形金刚：救援汽车人 第三季 中文配音,全26话,,,1,7320,2212,311,5501,986,315679,美国,0,1,41321,28237029,https://www.bilibili.com/bangumi/play/ss41321
变形金刚：救援汽车人 第三季,全26话,,,1,7320,1469,100,2554,234,182678,美国,0,1,41320,28237028,https://www.bilibili.com/bangumi/play/ss41320
辛巴达 飞翔公主与秘密之岛,全1话,会员专享,,1,16668,8413,120,3467,153,52894,日本,0,1,4128,28233831,https://www.bilibili.com/bangumi/play/ss4128?theme=movie
能量战士 中文配音,全78话,会员抢先,,1,2797,2797,1005,55821,76,6348666,法国,0,1,41245,28236953,https://www.bilibili.com/bangumi/play/ss41245
朱妮托尼儿歌 中文配音,更新至第177话,,,0,15164,8071,1604,7751,219,12876313,韩国,0,1,41214,28236922,https://www.bilibili.com/bangumi/play/ss41214
面包超人：咪嘉和魔法神灯,全1话,,,1,9713,9661,376,723,879,504278,日本,0,1,4119,4119,https://www.bilibili.com/bangumi/play/ss4119?theme=movie
香菜酱和她的亲人们,全1话,,,1,6652,6652,318,229,1259,102037,日本,0,1,4117,4117,https://www.bilibili.com/bangumi/play/ss4117
朱妮托尼儿歌,更新至第176话,,,0,15164,7721,623,5076,46,1114662,韩国,0,1,41151,28236857,https://www.bilibili.com/bangumi/play/ss41151
汪汪队立大功 第二季,全24话,,,1,63328,11649,1938,9857,627,5897560,美国,0,1,41079,28236785,https://www.bilibili.com/bangumi/play/ss41079
奥特银河格斗 新生代英雄（中配）,全13话,会员专享,,1,159310,7571,460,3441,1014,685502,日本,0,1,41039,28236745,https://www.bilibili.com/bangumi/play/ss41039
小怪兽成长日记 蹒跚学步 第二季（中配）,全26话,,,1,6657,2377,132,1056,173,204166,日本,0,1,41035,28236741,https://www.bilibili.com/bangumi/play/ss41035
奥特英雄传 赛罗与捷德（中配）,全23话,会员专享,,1,756386,6423,315,2135,569,414144,日本,0,1,41031,28236737,https://www.bilibili.com/bangumi/play/ss41031
寿司忍者,全3话,,,1,1426,1426,40,148,376,290524,日本,0,1,4099,4099,https://www.bilibili.com/bangumi/play/ss4099
愤怒的小鸟：史黛拉 第二季,全13话,,,1,73362,5611,476,6167,659,904254,芬兰,0,1,40762,28236468,https://www.bilibili.com/bangumi/play/ss40762
愤怒的小鸟：史黛拉 第一季,全13话,,,1,73362,4888,333,5907,640,739295,芬兰,0,1,40761,28236467,https://www.bilibili.com/bangumi/play/ss40761
愤怒的小鸟：猪猪传 第二季,全26话,,,1,73362,7862,1112,15524,1315,3373200,芬兰,0,1,40760,28236466,https://www.bilibili.com/bangumi/play/ss40760
变形金刚：救援汽车人 第四季 中文配音,全26话,,,1,7320,4042,620,5606,1538,1342845,美国,0,1,40651,28236357,https://www.bilibili.com/bangumi/play/ss40651
变形金刚：救援汽车人 第四季,全26话,,,1,7320,2431,240,4484,312,903457,美国,0,1,40650,28236356,https://www.bilibili.com/bangumi/play/ss40650
兔子机场,全26话,,,1,1122,1122,112,3049,10,109871,法国,0,1,40645,28236351,https://www.bilibili.com/bangumi/play/ss40645
机甲创世记 OVA,全1话,,,1,8890,3252,146,463,2251,213031,日本,0,1,4056,4056,https://www.bilibili.com/bangumi/play/ss4056
心之彼端2 迷宫旅行者,全2话,,,1,162085,20447,1212,1124,12003,1067106,日本,0,1,4053,4053,https://www.bilibili.com/bangumi/play/ss4053
心之彼端2 Adnext,全2话,,,1,162085,20334,1212,1124,12003,1067106,日本,0,1,4052,4052,https://www.bilibili.com/bangumi/play/ss4052
心之彼端2 Adplus,全2话,,,1,162085,26809,1212,1124,12003,1067106,日本,0,1,4051,4051,https://www.bilibili.com/bangumi/play/ss4051
心之彼端2 Another Day,全2话,,,1,162085,26443,1212,1124,12003,1067106,日本,0,1,4050,4050,https://www.bilibili.com/bangumi/play/ss4050
橙路 ~接着，那个夏天开始~,全1话,,,1,55660,11913,2425,3008,36743,1275556,日本,0,1,4049,4049,https://www.bilibili.com/bangumi/play/ss4049?theme=movie
银河冒险战记 激斗篇,全1话,,,1,32896,4564,34,61,43,60474,日本,0,1,4048,4048,https://www.bilibili.com/bangumi/play/ss4048
银河冒险战记 胎动篇,全1话,,,1,32896,4699,66,103,128,73373,日本,0,1,4047,4047,https://www.bilibili.com/bangumi/play/ss4047
剧场版 虽然是玻璃假面,全1话,,,1,44664,3139,106,123,1301,81136,日本,0,1,4046,4046,https://www.bilibili.com/bangumi/play/ss4046?theme=movie
宇宙战舰山本洋子II,全3话,,,1,23228,2459,57,106,204,60076,日本,0,1,4040,4040,https://www.bilibili.com/bangumi/play/ss4040
苍之流星SPT雷兹纳 OVA,全3话,,,1,5491,1512,44,79,269,34779,日本,0,1,4036,4036,https://www.bilibili.com/bangumi/play/ss4036
神秘的世界 EL-HAZARD 2 OVA,全4话,,,1,21158,2328,129,215,1222,257726,日本,0,1,4031,4031,https://www.bilibili.com/bangumi/play/ss4031
异次元的世界 El Hazard,全13话,,,1,21158,7315,129,215,1222,257726,日本,0,1,4030,4030,https://www.bilibili.com/bangumi/play/ss4030
神秘的世界EL-HAZARD OVA,全7话,,,1,21158,4378,331,474,3481,369551,日本,0,1,4029,4029,https://www.bilibili.com/bangumi/play/ss4029
宇宙战舰大和号 复活篇,全1话,,,1,141420,6999,229,459,4574,227347,日本,0,1,4023,4023,https://www.bilibili.com/bangumi/play/ss4023?theme=movie
宇宙战舰大和号 完结篇,全1话,,,1,141420,5859,139,254,1346,186999,日本,0,1,4022,4022,https://www.bilibili.com/bangumi/play/ss4022?theme=movie
宇宙战舰大和号 新的旅程,全1话,,,1,141420,6323,138,295,651,112649,日本,0,1,4020,4020,https://www.bilibili.com/bangumi/play/ss4020?theme=movie
永远的大和号,全1话,,,1,141420,4379,127,228,645,88001,日本,0,1,4019,4019,https://www.bilibili.com/bangumi/play/ss4019?theme=movie
天使特警 剧场版 黎明篇,全1话,,,1,61828,5962,166,205,509,141698,日本,0,1,4011,4011,https://www.bilibili.com/bangumi/play/ss4011?theme=movie
天使特警 剧场版 觉醒篇,全1话,,,1,61828,7097,166,205,509,141698,日本,0,1,4009,4009,https://www.bilibili.com/bangumi/play/ss4009?theme=movie
咕噜咕噜魔法阵 心跳传说,全38话,,,1,105561,8645,239,194,6322,253040,日本,0,1,4006,4006,https://www.bilibili.com/bangumi/play/ss4006
圣战士登拜因 OVA,全3话,,,1,15962,2886,539,986,7759,395520,日本,0,1,4005,4005,https://www.bilibili.com/bangumi/play/ss4005
超时空世纪02,全6话,,,1,6892,3577,104,211,1829,202006,日本,0,1,4004,4004,https://www.bilibili.com/bangumi/play/ss4004
重战机艾尔盖姆 OVA,全3话,,,1,12061,2050,420,749,4214,376821,日本,0,1,4003,4003,https://www.bilibili.com/bangumi/play/ss4003
无责任舰长OVA,全8话,,,1,8099,1587,547,516,3194,232886,日本,0,1,3997,3997,https://www.bilibili.com/bangumi/play/ss3997
无责任舰长 特别篇 孤独一人的战争,全1话,,,1,8099,1563,547,516,3194,232886,日本,0,1,3996,3996,https://www.bilibili.com/bangumi/play/ss3996
粉鲶小溪的电视台打工日记,全12话,,,1,2873,2873,164,3209,132,58316,日本,0,1,39930,28235624,https://www.bilibili.com/bangumi/play/ss39930
大运动会 OVA,全6话,,,1,138257,3497,103,229,783,74705,日本,0,1,3991,3991,https://www.bilibili.com/bangumi/play/ss3991
神魂合体GODANNAR！！ 第二季,全13话,,,1,12373,4424,206,463,5734,300796,日本,0,1,3985,3985,https://www.bilibili.com/bangumi/play/ss3985
机甲界卡利安 OVA,全3话,,,1,3188,1245,157,246,819,157698,日本,0,1,3982,3982,https://www.bilibili.com/bangumi/play/ss3982
拳王创世纪1 影道篇,全6话,,,1,3474,1965,37,88,214,52733,日本,0,1,3980,3980,https://www.bilibili.com/bangumi/play/ss3980
和殿下一起,全1话,,,1,15824,2365,46,61,558,33871,日本,0,1,3978,3978,https://www.bilibili.com/bangumi/play/ss3978
仙乐传说 世界统合篇,全3话,,,1,24364,6110,425,480,4873,270290,日本,0,1,3976,3976,https://www.bilibili.com/bangumi/play/ss3976
仙乐传说 迪赛雅兰篇,全4话,,,1,24364,4945,425,480,4873,270290,日本,0,1,3975,3975,https://www.bilibili.com/bangumi/play/ss3975
小小雪精灵 夏季特别篇,全2话,,,1,12725,2585,416,441,3973,234294,日本,0,1,3969,3969,https://www.bilibili.com/bangumi/play/ss3969
魔法阵都市 剧场版 下篇,全1话,,,1,25551,3113,510,1259,1867,343758,日本,0,1,3967,3967,https://www.bilibili.com/bangumi/play/ss3967?theme=movie
零秒出手 第二季,全13话,,,1,18038,4709,308,648,4989,640031,日本,0,1,3966,3966,https://www.bilibili.com/bangumi/play/ss3966
天空战记 创世前的暗斗,全6话,,,1,47035,6148,69,183,1163,167643,日本,0,1,3965,3965,https://www.bilibili.com/bangumi/play/ss3965
人鱼之森 OVA,全1话,,,1,113484,18129,3025,3612,29940,1887842,日本,0,1,3964,3964,https://www.bilibili.com/bangumi/play/ss3964
相聚一刻番外篇 一刻岛飘流记,全1话,,,1,29320,4587,173,27,13,162481,日本,0,1,3963,3963,https://www.bilibili.com/bangumi/play/ss3963
翼神传说 间奏曲：她与她自己,全1话,,,1,154944,7762,106,254,145,118357,日本,0,1,3960,3960,https://www.bilibili.com/bangumi/play/ss3960
鲁邦三世：the Last Job,全1话,会员专享,,1,986821,18184,527,5256,1074,183569,日本,0,1,3951,3951,https://www.bilibili.com/bangumi/play/ss3951
蓝色时期,,,,0,617503,617503,4516,24492,677,2086300,日本,0,1,39464,28235156,https://www.bilibili.com/bangumi/play/ss39464
鲁邦三世：雾之谜,全1话,会员专享,,1,986821,16771,412,4324,958,165749,日本,0,1,3944,3944,https://www.bilibili.com/bangumi/play/ss3944
鼠来宝 英文版(第三季）,更新至第52话,,,0,19138,1607,246,3033,46,702798,日本,0,1,39384,28235076,https://www.bilibili.com/bangumi/play/ss39384
鼠来宝 英文版(第二季）,更新至第50话,,,0,19138,1285,128,2389,54,570132,日本,0,1,39383,28235075,https://www.bilibili.com/bangumi/play/ss39383
鼠来宝 英文版(第一季）,更新至第49话,,,0,19138,5797,191,2797,57,619527,日本,0,1,39382,28235074,https://www.bilibili.com/bangumi/play/ss39382
鼠来宝(第三季）,全52话,,,1,19138,2781,872,4593,63,1413961,美国,0,1,39372,28235064,https://www.bilibili.com/bangumi/play/ss39372
鼠来宝(第二季）,全50话,,,1,19138,7078,65,2452,13,194767,美国,0,1,39371,28235063,https://www.bilibili.com/bangumi/play/ss39371
鲁邦三世：燃烧的斩铁剑,全1话,会员专享,,1,986821,15559,315,4559,1072,128912,日本,0,1,3937,3937,https://www.bilibili.com/bangumi/play/ss3937
鼠来宝(第一季）,全49话,,,1,19138,4600,246,3596,74,497524,美国,0,1,39369,28235061,https://www.bilibili.com/bangumi/play/ss39369
鲁邦三世：鲁邦暗杀指令,全1话,会员专享,,1,986821,17616,503,4947,1099,170925,日本,0,1,3935,3935,https://www.bilibili.com/bangumi/play/ss3935
鲁邦三世：活下来的魔术师,全1话,会员专享,,1,986821,24126,646,7191,931,278893,日本,0,1,3933,3933,https://www.bilibili.com/bangumi/play/ss3933
鲁邦三世：拜拜了自由女神·危机一刻,全1话,会员专享,,1,986821,11060,502,4370,1429,184080,日本,0,1,3928,28234179,https://www.bilibili.com/bangumi/play/ss3928
天上天下 THE PAST CHAPTER,全1话,,,1,72922,13047,216,76,10225,397835,日本,0,1,3920,3920,https://www.bilibili.com/bangumi/play/ss3920
睡衣小英雄 第三季,全49话,会员专享,,1,17181,6236,1484,12210,501,4617664,英国,0,1,39199,28234891,https://www.bilibili.com/bangumi/play/ss39199
天上天下 终极格斗,全2话,,,1,72922,13375,216,76,10225,397835,日本,0,1,3919,3919,https://www.bilibili.com/bangumi/play/ss3919
Peeping Life×怪兽酒场 怪兽们的所在之处,全10话,,,1,36650,8674,225,532,709,168844,日本,0,1,3912,3912,https://www.bilibili.com/bangumi/play/ss3912
秀逗魔导士 PREMIUM,全1话,会员专享,,1,153227,8961,183,1287,350,59942,日本,0,1,3910,3910,https://www.bilibili.com/bangumi/play/ss3910?theme=movie
秀逗魔导士 EXCELLENT,全3话,,,1,153227,8494,197,1273,925,88655,日本,0,1,3909,3909,https://www.bilibili.com/bangumi/play/ss3909
秀逗魔导士 GORGEOUS,全1话,会员专享,,1,153227,7891,185,1068,417,50169,日本,0,1,3908,3908,https://www.bilibili.com/bangumi/play/ss3908?theme=movie
秀逗魔导士 GREAT,全1话,会员专享,,1,153227,8214,185,1200,499,62728,日本,0,1,3907,3907,https://www.bilibili.com/bangumi/play/ss3907?theme=movie
秀逗魔导士 RETURN,全1话,会员专享,,1,153227,7607,156,1048,456,46403,日本,0,1,3906,3906,https://www.bilibili.com/bangumi/play/ss3906?theme=movie
秀逗魔导士 完全无欠版,全1话,,,1,153227,9787,965,891,15395,389295,日本,0,1,3905,3905,https://www.bilibili.com/bangumi/play/ss3905?theme=movie
秀逗魔导士 SPECIAL,全3话,,,1,153227,23586,445,2790,1610,237132,日本,0,1,3904,3904,https://www.bilibili.com/bangumi/play/ss3904
巴塔说 第二季,全12话,,,1,37659,2480,217,809,78,370416,英国,0,1,38709,28234398,https://www.bilibili.com/bangumi/play/ss38709
巴塔木自然拼读系列儿歌,全23话,,,1,37659,23371,1506,7591,150,2685153,英国,0,1,38708,28234397,https://www.bilibili.com/bangumi/play/ss38708
巴塔木流行儿歌 第三季,全41话,,,1,37659,8754,1724,7099,157,4513433,英国,0,1,38707,28234396,https://www.bilibili.com/bangumi/play/ss38707
巴塔木故事 第一季,全52话,,,1,37659,11763,2433,7205,164,4745731,英国,0,1,38706,28234395,https://www.bilibili.com/bangumi/play/ss38706
Thunderbolt Fantasy 东离剑游纪2,全13话,独家,,1,434756,13452,2532,5090,0,522071,日本,0,1,38677,28234366,https://www.bilibili.com/bangumi/play/ss38677
最游记 Requiem 落选者的镇魂歌,全1话,,,1,259638,15655,1160,864,9245,513019,日本,0,1,3854,3854,https://www.bilibili.com/bangumi/play/ss3854?theme=movie
最游记OVA 希望之罪过,全1话,,,1,259638,13635,1160,864,9245,513019,日本,0,1,3853,3853,https://www.bilibili.com/bangumi/play/ss3853
强袭魔女 OVA,全1话,,,1,428334,42837,364,1055,877,530589,日本,0,1,3846,3846,https://www.bilibili.com/bangumi/play/ss3846
风－心之呼吸 OVA,全3话,,,1,20013,4759,253,295,2907,260910,日本,0,1,3831,3831,https://www.bilibili.com/bangumi/play/ss3831
飞跃巅峰 科学讲座,全6话,,,1,98942,18840,281,678,1396,303978,日本,0,1,3829,3829,https://www.bilibili.com/bangumi/play/ss3829
影宅,,独家,,0,829356,829356,7867,44033,4284,3929627,日本,0,1,38259,28233941,https://www.bilibili.com/bangumi/play/ss38259
不存在的战区,,独家,,0,1215537,1215537,29590,82794,7035,8874169,日本,0,1,38258,28233940,https://www.bilibili.com/bangumi/play/ss38258
名侦探柯南 绯色的不在证明,全1话,会员专享,,1,6018289,216655,27027,77929,35254,6053339,日本,0,1,38171,28233853,https://www.bilibili.com/bangumi/play/ss38171
不可思议的教室 OVA,全1话,,,1,71740,7016,76,18,643,42557,日本,0,1,3816,3816,https://www.bilibili.com/bangumi/play/ss3816
辛巴达 真昼之夜与不可思议之门,全1话,会员专享,,1,16668,3808,62,2844,26,27613,日本,0,1,38151,28233833,https://www.bilibili.com/bangumi/play/ss38151
魔动王 冒险篇,全3话,,,1,190679,15168,9010,10709,102375,7283223,日本,0,1,3815,3815,https://www.bilibili.com/bangumi/play/ss3815
魔动王 最后的魔法大战,全2话,,,1,190679,18105,9010,10709,102375,7283223,日本,0,1,3814,3814,https://www.bilibili.com/bangumi/play/ss3814
轮回的拉格朗日 鸭川日常,全1话,,,1,172771,15875,192,509,958,121742,日本,0,1,3812,3812,https://www.bilibili.com/bangumi/play/ss3812
魔法骑士雷阿斯 OVA,全3话,,,1,106512,9777,246,331,10930,229587,日本,0,1,3806,3806,https://www.bilibili.com/bangumi/play/ss3806
「Free!」2020线上交响音乐会,全1话,会员专享,,1,2066945,48967,7007,20069,4174,557531,日本,0,1,38031,28233711,https://www.bilibili.com/bangumi/play/ss38031
机器人少女Z SP,全3话,,,1,54554,8930,378,836,1799,230820,日本,0,1,3801,3801,https://www.bilibili.com/bangumi/play/ss3801
百变之星 妙啊！妙！,全1话,,,1,51187,3402,1273,1414,14342,865350,日本,0,1,3779,3779,https://www.bilibili.com/bangumi/play/ss3779
百变之星 不死鸟传说 - 蕾拉・汉密尔顿物语,全1话,,,1,51187,6480,1273,1414,14342,865350,日本,0,1,3778,3778,https://www.bilibili.com/bangumi/play/ss3778
星际赛车,全1话,,,1,1388,1388,104,365,284,133483,美国,0,1,3720,3720,https://www.bilibili.com/bangumi/play/ss3720?theme=movie
小彼索,全12话,,,1,4300,4118,347,3672,98,379214,日本,0,1,36659,28232318,https://www.bilibili.com/bangumi/play/ss36659
HEROMAN（中配版）,全26话,,,1,51147,13138,1744,2374,1249,398010,日本,0,1,3639,28228873,https://www.bilibili.com/bangumi/play/ss3639
战国BASARA 剧场版 -The Last Party-,全2话,,,1,121887,15241,322,330,8025,246097,日本,0,1,3573,3573,https://www.bilibili.com/bangumi/play/ss3573?theme=movie
超时空要塞II 再爱一次 OVA,全6话,,,1,146553,19194,305,518,4799,310555,日本,0,1,3559,3559,https://www.bilibili.com/bangumi/play/ss3559
Crane Game Girls,全12话,独家,,1,60351,47246,651,944,6619,693503,日本,0,1,3478,3478,https://www.bilibili.com/bangumi/play/ss3478
BT21 UNIVERSE动画 第二季,更新至第15话,,,0,154446,102208,17595,65556,10151,1933992,韩国,0,1,34598,28230101,https://www.bilibili.com/bangumi/play/ss34598
成为偶像www,全12话,,,1,2156,2156,101,116,1275,234004,日本,0,1,344,344,https://www.bilibili.com/bangumi/play/ss344
遥远时空中3 无尽的命运,全1话,,,1,14606,10109,64,171,364,116144,日本,0,1,3417,3417,https://www.bilibili.com/bangumi/play/ss3417
遥远时空中2 白龙之神子,全3话,,,1,102481,10801,72,237,2224,162625,日本,0,1,3415,3415,https://www.bilibili.com/bangumi/play/ss3415
樱花大战 剧场版 樱花大战活动写真,全1话,,,1,440142,11333,1198,753,25808,863942,日本,0,1,3411,3411,https://www.bilibili.com/bangumi/play/ss3411?theme=movie
樱花大战 OVA5 纽约,全6话,,,1,440142,9741,1198,753,25808,863942,日本,0,1,3410,3410,https://www.bilibili.com/bangumi/play/ss3410
樱花大战 OVA4 崭新的巴黎,全3话,,,1,440142,8689,1198,753,25808,863942,日本,0,1,3409,3409,https://www.bilibili.com/bangumi/play/ss3409
樱花大战 OVA3 燃烧的巴黎,全3话,,,1,440142,10526,1198,753,25808,863942,日本,0,1,3408,3408,https://www.bilibili.com/bangumi/play/ss3408
樱花大战 OVA2.5 神崎堇引退纪念,全1话,,,1,440142,9355,1198,753,25808,863942,日本,0,1,3407,3407,https://www.bilibili.com/bangumi/play/ss3407
樱花大战 OVA2轰华绚烂,全6话,限时免费,,1,440142,6981,326,3015,1592,123870,日本,0,1,33854,28229287,https://www.bilibili.com/bangumi/play/ss33854
急救超人兵团,全12话,,,1,5887,5887,425,1278,430,95697,日本,0,1,3342,3342,https://www.bilibili.com/bangumi/play/ss3342
创龙传,全12话,,,1,15367,15367,191,526,2691,275829,日本,0,1,3328,3328,https://www.bilibili.com/bangumi/play/ss3328
Z计划,全1话,,,1,9690,9690,183,928,2438,265039,日本,0,1,3315,3315,https://www.bilibili.com/bangumi/play/ss3315?theme=movie
永恒传说,全13话,,,1,24718,24716,262,283,2125,270702,日本,0,1,3312,3312,https://www.bilibili.com/bangumi/play/ss3312
绝对无敌雷神王OVA,全3话,,,1,7694,1434,232,500,1519,351072,日本,0,1,3305,3305,https://www.bilibili.com/bangumi/play/ss3305
绝对无敌雷神王,全51话,,,1,7694,7433,232,500,1519,351072,日本,0,1,3304,3304,https://www.bilibili.com/bangumi/play/ss3304
卡罗尔,全1话,,,1,6856,6856,84,261,801,128836,日本,0,1,3279,3279,https://www.bilibili.com/bangumi/play/ss3279?theme=movie
机械女神R,全3话,,,1,14981,3677,242,370,3873,330241,日本,0,1,3266,3266,https://www.bilibili.com/bangumi/play/ss3266
机械女神J again,全6话,,,1,14981,2821,242,370,3873,330241,日本,0,1,3265,3265,https://www.bilibili.com/bangumi/play/ss3265
机械女神J to X,全26话,,,1,14981,4879,242,370,3873,330241,日本,0,1,3264,3264,https://www.bilibili.com/bangumi/play/ss3264
机械女神J,全25话,,,1,14981,11245,242,370,3873,330241,日本,0,1,3263,3263,https://www.bilibili.com/bangumi/play/ss3263
英国一家 吃在正月,全1话,独家,,1,132465,23216,428,1115,2328,255504,日本,0,1,3237,3237,https://www.bilibili.com/bangumi/play/ss3237
变形金刚 三乘合体,全10话,,,1,7024,7024,111,663,1386,446150,日本,0,1,3229,3229,https://www.bilibili.com/bangumi/play/ss3229
灵犬雪丽,全52话,,,1,4947,4947,74,123,625,115245,日本,0,1,3226,3226,https://www.bilibili.com/bangumi/play/ss3226
佩琳物语,全53话,,,1,17491,17491,365,678,3092,385224,日本,0,1,3216,3216,https://www.bilibili.com/bangumi/play/ss3216
地球变动之日,全1话,,,1,8914,8914,110,181,1176,73821,日本,0,1,3215,3215,https://www.bilibili.com/bangumi/play/ss3215?theme=movie
非科学定制（广播剧）,全15话,,,1,8071,8071,1640,1827,1696,220412,日本,0,1,31855,28226990,https://www.bilibili.com/bangumi/play/ss31855
绿林寮,全6话,,,1,28191,28191,340,573,5860,337801,日本,0,1,3152,3152,https://www.bilibili.com/bangumi/play/ss3152
蓝宝石之谜 剧场版,全1话,,,1,66734,11825,358,477,1543,172407,日本,0,1,3150,3150,https://www.bilibili.com/bangumi/play/ss3150?theme=movie
仙乐传说 西尔瓦蓝特篇,全4话,,,1,24364,21062,425,480,4873,270290,日本,0,1,3147,3147,https://www.bilibili.com/bangumi/play/ss3147
最强机器人 大王者,全50话,,,1,2858,2858,82,183,356,128584,日本,0,1,3134,3134,https://www.bilibili.com/bangumi/play/ss3134
超地下偶像,全12话,,,1,2647,2647,62,141,249,71145,日本,0,1,3132,3132,https://www.bilibili.com/bangumi/play/ss3132
我要上太空,全20话,,,1,4868,4868,138,144,653,62378,日本,0,1,3093,3093,https://www.bilibili.com/bangumi/play/ss3093
无敌超人赞波3,全23话,,9.3,1,5253,5253,195,433,1165,136012,日本,0,1,3082,3082,https://www.bilibili.com/bangumi/play/ss3082
我的小行星【中文】,全26话,,,1,2619,2619,127,142,179,46673,法国,0,1,3079,3079,https://www.bilibili.com/bangumi/play/ss3079
出云传奇,全2话,,,1,22305,22305,160,242,2519,169442,日本,0,1,3077,3077,https://www.bilibili.com/bangumi/play/ss3077
神枪少女 -IL TEATRINO- OVA,全2话,,,1,136449,24944,340,1004,1603,251422,日本,0,1,3058,3058,https://www.bilibili.com/bangumi/play/ss3058
贤治之春,全1话,,,1,15633,15633,496,380,1417,73024,日本,0,1,3044,3044,https://www.bilibili.com/bangumi/play/ss3044
星空奇迹,全1话,,,1,17855,17855,73,83,1029,66928,日本,0,1,3019,3019,https://www.bilibili.com/bangumi/play/ss3019
希曼的新冒险,全65话,,,1,5377,5377,101,304,267,112413,美国,0,1,3012,3012,https://www.bilibili.com/bangumi/play/ss3012
GA 艺术科美术设计班 OVA,全1话,,,1,102513,8246,331,227,428,40543,日本,0,1,3005,3005,https://www.bilibili.com/bangumi/play/ss3005
消防员山姆,全136话,,,1,5150,5150,405,1057,1137,528435,英国,0,1,3003,3003,https://www.bilibili.com/bangumi/play/ss3003
海豚便利店,全1话,,,1,2995,2995,161,208,224,27144,日本,0,1,2997,2997,https://www.bilibili.com/bangumi/play/ss2997
浜虎SD（迷你浜虎）,全10话,,,1,56412,56387,716,315,6305,504245,日本,0,1,2978,2978,https://www.bilibili.com/bangumi/play/ss2978
布雷斯塔警长,全65话,,,1,9565,9565,266,707,779,180327,美国,0,1,2947,2947,https://www.bilibili.com/bangumi/play/ss2947
妖魔,全2话,,,1,19426,19426,777,2112,2543,258464,日本,0,1,2946,2946,https://www.bilibili.com/bangumi/play/ss2946
Thunderbolt Fantasy 东离剑游纪 西幽玹歌,全1话,会员专享,,1,434757,401207,11602,4383,19810,567557,日本,0,1,29372,28224153,https://www.bilibili.com/bangumi/play/ss29372?theme=movie
水晶国传说,全3话,,,1,5242,5242,27,79,86,55196,日本,0,1,2937,2937,https://www.bilibili.com/bangumi/play/ss2937
心之国爱丽丝 剧场版,全1话,,,1,40254,40254,465,992,3961,423081,日本,0,1,2905,2905,https://www.bilibili.com/bangumi/play/ss2905?theme=movie
心之彼端2 OVA,全3话,,,1,162085,26206,1212,1124,12003,1067106,日本,0,1,2889,2889,https://www.bilibili.com/bangumi/play/ss2889
网球王子 BEST GAMES!!,全3话,会员专享,,1,822528,90477,4449,12681,12974,2428351,日本,0,1,28709,28222933,https://www.bilibili.com/bangumi/play/ss28709
浪漫追星社 特典,全8话,,,1,21260,2838,597,510,6440,175508,日本,0,1,2850,2850,https://www.bilibili.com/bangumi/play/ss2850
恋爱☆迁都 COI☆SENTO,全1话,,,1,11657,11657,166,141,705,55994,日本,0,1,2838,2838,https://www.bilibili.com/bangumi/play/ss2838
笨笨森林日志,全26话,,,1,7754,7754,205,243,1196,81914,日本,0,1,2829,2829,https://www.bilibili.com/bangumi/play/ss2829
暗黑之猫 Dark Cat,全1话,,,1,3152,3152,23,7,147,16386,日本,0,1,2828,2828,https://www.bilibili.com/bangumi/play/ss2828
昆虫小精灵,全3话,,,1,3079,3079,306,248,630,103531,其他,0,1,2806,2806,https://www.bilibili.com/bangumi/play/ss2806
无家可归的小孩,全26话,,,1,17316,17316,348,619,2703,235923,日本,0,1,2785,2785,https://www.bilibili.com/bangumi/play/ss2785
快盗天使双胞胎,全12话,,,1,22142,22142,1101,1657,1175,128218,日本,0,1,27792,28220970,https://www.bilibili.com/bangumi/play/ss27792
小双侠 新双侠机械大集合！玩具国大决战，骰子！,全1话,,,1,5724,1713,54,974,23,44892,日本,0,1,27747,28220881,https://www.bilibili.com/bangumi/play/ss27747
雨色可可 欢迎来到RAINY COLOR！,全12话,独家,,1,194284,70663,407,959,12489,1070449,日本,0,1,2763,2763,https://www.bilibili.com/bangumi/play/ss2763
银河四驱车,全52话,,,1,4505,4505,4261,1639,272,228649,日本,0,1,27500,28220583,https://www.bilibili.com/bangumi/play/ss27500
熊猫拍拍 运动篇,全11话,,,1,26219,8777,495,2924,71,144191,日本,0,1,27056,27815072,https://www.bilibili.com/bangumi/play/ss27056
熊猫拍拍 饮食篇,全7话,,,1,26219,8859,939,1071,114,177499,日本,0,1,27055,27808549,https://www.bilibili.com/bangumi/play/ss27055
熊猫拍拍 职业篇,全12话,,,1,26219,1370,2158,1658,312,542377,日本,0,1,27054,27796700,https://www.bilibili.com/bangumi/play/ss27054
熊猫拍拍 日常篇,全13话,,,1,26219,9267,1010,2700,83,135429,日本,0,1,27052,27786757,https://www.bilibili.com/bangumi/play/ss27052
野良耳,全12话,,,1,7394,5356,74,65,1866,103787,日本,0,1,2698,2698,https://www.bilibili.com/bangumi/play/ss2698
碧奇魂2,全3话,,,1,23246,11907,156,1233,392,180877,日本,0,1,26947,25586515,https://www.bilibili.com/bangumi/play/ss26947
室内鞋库库,全13话,,,1,9710,9710,1613,1522,407,206102,日本,0,1,26931,24802609,https://www.bilibili.com/bangumi/play/ss26931
Hello Kitty 苹果森林 第三季,全27话,,,1,88267,32586,2646,4032,272,702802,日本,0,1,26929,24780333,https://www.bilibili.com/bangumi/play/ss26929
船梨精摇摇摇日和,全130话,,,1,1982,1982,21126,144714,97,272054,日本,0,1,26885,24369576,https://www.bilibili.com/bangumi/play/ss26885
少年阿贝 GO!GO!小芝麻 第四季,全24话,,,1,46207,10173,1241,20241,448,576417,日本,0,1,26879,24104767,https://www.bilibili.com/bangumi/play/ss26879
忍空,全52话,,,1,2294,2294,5270,18214,705,92972,日本,0,1,26230,4314802,https://www.bilibili.com/bangumi/play/ss26230
怪侠佐罗利 第三季,全47话,,,1,4640,1188,1810,13015,315,58095,日本,0,1,26181,4313402,https://www.bilibili.com/bangumi/play/ss26181
怪侠佐罗利 第二季,全50话,,,1,4640,1281,2618,4632,635,83077,日本,0,1,26180,4313382,https://www.bilibili.com/bangumi/play/ss26180
怪侠佐罗利 第一季,全52话,,,1,4640,3542,4681,2496,1485,268196,日本,0,1,26179,4313362,https://www.bilibili.com/bangumi/play/ss26179
怪侠佐罗利 谜之宝物大作战,全1话,,,1,4640,1341,82,718,128,36038,日本,0,1,26144,4312422,https://www.bilibili.com/bangumi/play/ss26144?theme=movie
卡姆伊之剑,全1话,会员专享,,1,2698,2698,107,498,255,48464,日本,0,1,26136,4312222,https://www.bilibili.com/bangumi/play/ss26136
超级机器人大战原创世纪 OVA,全3话,,,1,57893,7210,270,1329,2464,251820,日本,0,1,26029,4309242,https://www.bilibili.com/bangumi/play/ss26029
索尼克X,全78话,,,1,48501,10023,2824,5749,12027,1780296,日本,0,1,26018,4308902,https://www.bilibili.com/bangumi/play/ss26018
Hello Kitty 苹果森林 第二季,全13话,,,1,88267,7487,590,533,134,118036,日本,0,1,25945,459305,https://www.bilibili.com/bangumi/play/ss25945
Hello Kitty 苹果森林 第一季,全13话,,,1,88267,16374,518,1325,650,290673,日本,0,1,25940,313265,https://www.bilibili.com/bangumi/play/ss25940
铃铛猫娘 圣诞特别篇,全1话,,,1,38003,4803,70,955,25,35694,日本,0,1,25852,141092,https://www.bilibili.com/bangumi/play/ss25852
百万偶像,全11话,独家,,1,42771,42771,446,922,19816,1233180,日本,0,1,2577,2577,https://www.bilibili.com/bangumi/play/ss2577
鲁邦shanshee,全10话,,,1,986821,20677,369,2252,1189,639220,日本,0,1,25581,132212,https://www.bilibili.com/bangumi/play/ss25581
爆TECH!爆丸 激撞,全39话,,,1,4369,1630,2169,731,350,141609,日本,0,1,25580,132172,https://www.bilibili.com/bangumi/play/ss25580
企鹅掌门人,全20话,,,1,1120,1120,964,11091,214,33377,日本,0,1,25579,132152,https://www.bilibili.com/bangumi/play/ss25579
流星机学生霸,全3话,,,1,1082,1082,206,576,282,27143,日本,0,1,25578,132132,https://www.bilibili.com/bangumi/play/ss25578
科学小飞侠 特番,全100话,,,1,276007,2745,3789,31188,43,88048,日本,0,1,25577,132092,https://www.bilibili.com/bangumi/play/ss25577
铃铛猫娘 新年特别篇,全2话,,,1,38003,2679,57,589,63,23470,日本,0,1,25576,132072,https://www.bilibili.com/bangumi/play/ss25576
铃铛猫娘 暑假特别篇,全4话,,,1,38003,3245,96,450,83,27123,日本,0,1,25575,132052,https://www.bilibili.com/bangumi/play/ss25575
少年桑塔的大冒险,全24话,,,1,3587,3587,1535,9926,195,54836,日本,0,1,25574,132032,https://www.bilibili.com/bangumi/play/ss25574
春之笛,全1话,,,1,1065,1065,124,685,167,21697,日本,0,1,25573,132012,https://www.bilibili.com/bangumi/play/ss25573
舞蹈精灵clinoppe,全18话,,,1,1696,1696,1537,3621,320,165372,日本,0,1,25572,131972,https://www.bilibili.com/bangumi/play/ss25572
Good Morning!!! DORONJO,全50话,,,1,5724,1099,1968,32937,30,61696,日本,0,1,25571,131952,https://www.bilibili.com/bangumi/play/ss25571
铃铛猫娘 夏季特别篇 2000,全4话,,,1,38003,4590,120,837,72,38845,日本,0,1,25570,131932,https://www.bilibili.com/bangumi/play/ss25570
决斗大师Victory V,全51话,,,1,3459,2118,2266,12794,147,159551,日本,0,1,25564,131792,https://www.bilibili.com/bangumi/play/ss25564
铃铛猫娘 赏花特别篇,全2话,,,1,38003,4661,98,603,59,35480,日本,0,1,25562,131712,https://www.bilibili.com/bangumi/play/ss25562
爆丸4 机械波涛,全46话,,,1,24924,7933,6282,1761,1215,539858,日本,0,1,25560,131672,https://www.bilibili.com/bangumi/play/ss25560
银河铁道物语II 永远的分歧点,全26话,,,1,24816,8324,220,926,373,130675,日本,0,1,25559,131652,https://www.bilibili.com/bangumi/play/ss25559
银河铁道物语 被遗忘时间的惑星,全4话,,,1,24816,6372,105,736,87,58359,日本,0,1,25557,131592,https://www.bilibili.com/bangumi/play/ss25557
贮金大冒险,全52话,,,1,5730,5730,8750,1087,2494,195672,日本,0,1,25556,131552,https://www.bilibili.com/bangumi/play/ss25556
超时空游侠,全39话,,,1,7544,7544,2600,2336,370,195044,日本,0,1,25531,130932,https://www.bilibili.com/bangumi/play/ss25531
碧奇魂,全26话,,,1,23246,16025,2022,2083,3902,230712,日本,0,1,25472,129332,https://www.bilibili.com/bangumi/play/ss25472
决斗大师 Victory,全52话,,,1,3459,2023,3469,6237,323,157813,日本,0,1,25442,128052,https://www.bilibili.com/bangumi/play/ss25442
机动战舰大和抚子 OVA,全1话,,,1,53814,6890,749,470,19753,465672,日本,0,1,2507,2507,https://www.bilibili.com/bangumi/play/ss2507
相聚一刻 完结篇,全1话,,,1,29320,9222,173,27,13,162481,日本,0,1,2506,2506,https://www.bilibili.com/bangumi/play/ss2506
橙路 再回到往日,全1话,,,1,55660,7696,2425,3008,36743,1275556,日本,0,1,2505,2505,https://www.bilibili.com/bangumi/play/ss2505?theme=movie
橙路 OVA,全8话,,,1,55660,7130,2425,3008,36743,1275556,日本,0,1,2504,2504,https://www.bilibili.com/bangumi/play/ss2504
新战神金刚：传奇的保护神 第六季,全7话,,,1,25713,4263,404,809,3582,201893,美国,0,1,25013,114832,https://www.bilibili.com/bangumi/play/ss25013
魔法阵都市 剧场版 上篇,全1话,,,1,25551,4113,510,1259,1867,343758,日本,0,1,2500,2500,https://www.bilibili.com/bangumi/play/ss2500?theme=movie
交给你了!奇迹猫团,全32话,,,1,1540,1540,4392,1215,271,152066,日本,0,1,24969,113432,https://www.bilibili.com/bangumi/play/ss24969
超能力魔美 星空的跳舞娃娃,全1话,,,1,7688,1753,429,558,13435,383532,日本,0,1,2495,2495,https://www.bilibili.com/bangumi/play/ss2495?theme=movie
甜甜私房猫 第四季 中配版,全25话,会员专享,,1,202439,20163,2968,20086,1618,7443151,日本,0,1,24949,112832,https://www.bilibili.com/bangumi/play/ss24949
失落的宇宙 黑历史,全2话,,,1,49863,7353,3017,2470,27403,1075763,日本,0,1,2492,2492,https://www.bilibili.com/bangumi/play/ss2492
街头霸王 OVA,全2话,,,1,54081,10534,469,986,3501,427441,日本,0,1,2488,2488,https://www.bilibili.com/bangumi/play/ss2488
宇宙骑士铁甲人,全26话,,,1,16050,16050,223,788,903,497443,日本,0,1,2478,2478,https://www.bilibili.com/bangumi/play/ss2478
钢铁杰克 剧场版,全1话,,,1,4515,1263,47,140,194,43754,日本,0,1,2476,2476,https://www.bilibili.com/bangumi/play/ss2476?theme=movie
钢铁杰克,全46话,,,1,4515,4193,73,333,220,105591,日本,0,1,2475,2475,https://www.bilibili.com/bangumi/play/ss2475
无敌龙卷风,全39话,,,1,2209,2209,45,142,106,63332,日本,0,1,2473,2473,https://www.bilibili.com/bangumi/play/ss2473
合身战队机器人MECHANDER,全35话,,,1,1573,1573,32,80,36,47278,日本,0,1,2468,2468,https://www.bilibili.com/bangumi/play/ss2468
超人战队BARATTACK,全31话,,,1,1479,1479,39,104,80,69141,日本,0,1,2465,2465,https://www.bilibili.com/bangumi/play/ss2465
宇宙魔神大剑豪,全26话,,,1,1678,1678,29,78,119,35388,日本,0,1,2461,2461,https://www.bilibili.com/bangumi/play/ss2461
告诉我魔法钟摆～莉露莉露妖精莉露～,全26话,,,1,40619,10232,547,3609,785,385192,日本,0,1,24579,127092,https://www.bilibili.com/bangumi/play/ss24579
再见了宇宙战舰大和号 爱的战士们,全1话,,,1,141420,10944,216,443,1070,162371,日本,0,1,2455,2455,https://www.bilibili.com/bangumi/play/ss2455?theme=movie
尼尔斯骑鹅旅行记,全52话,,,1,13818,13818,754,1862,5301,812789,日本,0,1,2447,2447,https://www.bilibili.com/bangumi/play/ss2447
重战机艾尔盖姆,全54话,,,1,12061,11667,420,749,4214,376822,日本,0,1,2443,2443,https://www.bilibili.com/bangumi/play/ss2443
心跳今夜,全34话,,,1,23236,23236,344,671,2318,248311,日本,0,1,2442,2442,https://www.bilibili.com/bangumi/play/ss2442
银河烈风,全39话,,,1,2387,2387,55,125,54,56121,日本,0,1,2441,2441,https://www.bilibili.com/bangumi/play/ss2441
太阳之牙达格拉姆,全75话,,,1,8579,8579,337,629,1985,193131,日本,0,1,2439,2439,https://www.bilibili.com/bangumi/play/ss2439
银河漂流VIFAM,全47话,,,1,3011,3011,63,111,168,77917,日本,0,1,2437,2437,https://www.bilibili.com/bangumi/play/ss2437
银河疾风,全43话,,,1,2888,2888,31,109,22,56207,日本,0,1,2434,2434,https://www.bilibili.com/bangumi/play/ss2434
闪电十一人 最强军团王牙来袭,全1话,,,1,68833,4219,243,931,1320,144046,日本,0,1,24334,95312,https://www.bilibili.com/bangumi/play/ss24334?theme=movie
闪电十一人GO 究极之绊 狮鹫兽,全1话,,,1,68833,4929,241,1066,1248,174274,日本,0,1,24329,95192,https://www.bilibili.com/bangumi/play/ss24329?theme=movie
机甲创世记,全25话,,,1,8890,7047,146,463,2251,213031,日本,0,1,2432,2432,https://www.bilibili.com/bangumi/play/ss2432
机甲界卡利安,全25话,,,1,3188,2783,157,246,819,157698,日本,0,1,2431,2431,https://www.bilibili.com/bangumi/play/ss2431
小小外星人,全50话,,,1,11125,11125,307,609,994,177997,日本,0,1,2430,2430,https://www.bilibili.com/bangumi/play/ss2430
超时空骑团,全23话,,,1,5544,5544,149,245,830,111284,日本,0,1,2429,2429,https://www.bilibili.com/bangumi/play/ss2429
棒球英豪 剧场版,全3话,,,1,116830,15417,470,705,4869,494767,日本,0,1,2426,2426,https://www.bilibili.com/bangumi/play/ss2426?theme=movie
搞怪拍档,全26话,,,1,7982,7982,235,461,740,85950,日本,0,1,2423,2423,https://www.bilibili.com/bangumi/play/ss2423
忍者战士飞影,全43话,,,1,8588,8588,108,344,951,213513,日本,0,1,2422,2422,https://www.bilibili.com/bangumi/play/ss2422
苍之流星SPT雷兹纳,全38话,,,1,5491,5120,98,199,828,96786,日本,0,1,2421,2421,https://www.bilibili.com/bangumi/play/ss2421
新战神金刚：传奇的保护神 第五季,全6话,,,1,25713,3860,364,541,2539,158059,美国,0,1,24050,85632,https://www.bilibili.com/bangumi/play/ss24050
铁拳小子,全20话,,,1,8141,8141,178,327,2765,209995,日本,0,1,2400,2400,https://www.bilibili.com/bangumi/play/ss2400
柔道少女,全26话,,,1,12804,12804,275,538,2940,242290,日本,0,1,2393,2393,https://www.bilibili.com/bangumi/play/ss2393
猫怪麦克,全14话,,,1,9291,9291,284,384,3143,144346,日本,0,1,2391,2391,https://www.bilibili.com/bangumi/play/ss2391
少年阿贝 GO!GO!小芝麻 第三季,全32话,,,1,46207,11861,1582,18679,836,473366,日本,0,1,23862,78652,https://www.bilibili.com/bangumi/play/ss23862
Thunderbolt Fantasy 东离剑游纪 生死一剑,全1话,独家,,1,434757,63223,11115,3632,35819,1295749,日本,0,1,23677,71992,https://www.bilibili.com/bangumi/play/ss23677
御宅族的錄影帶,全1话,,,1,6257,6257,130,131,871,62657,日本,0,1,2351,2351,https://www.bilibili.com/bangumi/play/ss2351
动画秘密花园,全39话,,,1,25544,25544,572,1450,5360,492286,日本,0,1,2344,2344,https://www.bilibili.com/bangumi/play/ss2344
魔神坛斗士 MESSAGE,全5话,,,1,95605,12525,380,1378,1612,449493,日本,0,1,23430,57732,https://www.bilibili.com/bangumi/play/ss23430
勇者传说,全46话,,,1,9433,9433,258,731,3705,552788,日本,0,1,2340,2340,https://www.bilibili.com/bangumi/play/ss2340
勇者特急,全47话,,,1,9680,9680,211,488,3175,359829,日本,0,1,2331,2331,https://www.bilibili.com/bangumi/play/ss2331
热血最强哥修罗,全50话,,,1,7581,7581,132,391,1627,353015,日本,0,1,2330,2330,https://www.bilibili.com/bangumi/play/ss2330
爱天使传说,全51话,,,1,25703,25703,431,891,11096,778755,日本,0,1,2323,2323,https://www.bilibili.com/bangumi/play/ss2323
黄金勇者,全48话,,,1,10642,10642,181,464,2016,368683,日本,0,1,2318,2318,https://www.bilibili.com/bangumi/play/ss2318
神秘的世界EL-HAZARD,全26话,,,1,21158,15027,331,474,3481,369551,日本,0,1,2313,2313,https://www.bilibili.com/bangumi/play/ss2313
YAT安心！宇宙旅行,全50话,,,1,3556,3556,100,152,450,117527,日本,0,1,2304,2304,https://www.bilibili.com/bangumi/play/ss2304
勇者指令 OVA,全1话,,,1,14227,2287,30,89,271,54139,日本,0,1,2302,2302,https://www.bilibili.com/bangumi/play/ss2302
勇者指令,全48话,,,1,14227,13778,272,579,4865,577354,日本,0,1,2301,2301,https://www.bilibili.com/bangumi/play/ss2301
天空之艾斯嘉科尼,全26话,,,1,20793,20793,318,620,7263,307534,日本,0,1,2300,2300,https://www.bilibili.com/bangumi/play/ss2300
VS骑士弹珠汽水&40炎,全26话,,,1,3369,3369,71,105,763,84943,日本,0,1,2298,2298,https://www.bilibili.com/bangumi/play/ss2298
奥运高手,全30话,,,1,5081,5081,186,293,2160,215282,日本,0,1,2294,2294,https://www.bilibili.com/bangumi/play/ss2294
NEXT战记EHRGEIZ,全12话,,,1,3751,3751,18,71,75,40541,日本,0,1,2284,2284,https://www.bilibili.com/bangumi/play/ss2284
灵异猎人,全12话,,,1,8581,8581,82,181,761,142619,日本,0,1,2280,2280,https://www.bilibili.com/bangumi/play/ss2280
魔术士奥芬 -Revenge-,全23话,,,1,17069,6006,499,511,7545,367540,日本,0,1,2269,2269,https://www.bilibili.com/bangumi/play/ss2269
星方武侠,全26话,,,1,10579,10579,156,184,1875,172682,日本,0,1,2267,2267,https://www.bilibili.com/bangumi/play/ss2267
弹珠人爆外传,全48话,,,1,23387,23387,590,1133,2479,544451,日本,0,1,2264,2264,https://www.bilibili.com/bangumi/play/ss2264
梦幻拉拉,全26话,,,1,11317,11317,288,448,3191,251961,日本,0,1,2260,2260,https://www.bilibili.com/bangumi/play/ss2260
婆娑罗,全13话,,,1,35881,35881,435,1135,6431,395001,日本,0,1,2258,2258,https://www.bilibili.com/bangumi/play/ss2258
青涩宝贝,全12话,,,1,15387,15387,209,370,793,166148,日本,0,1,2257,2257,https://www.bilibili.com/bangumi/play/ss2257
魔法阵都市,全26话,,,1,25551,23112,510,1259,1867,343758,日本,0,1,2255,2255,https://www.bilibili.com/bangumi/play/ss2255
南海奇皇,全48话,,,1,11862,11862,120,267,1140,199334,日本,0,1,2253,2253,https://www.bilibili.com/bangumi/play/ss2253
女棒甲子园,全26话,,,1,5595,5595,102,167,1652,154651,日本,0,1,2252,2252,https://www.bilibili.com/bangumi/play/ss2252
影技,全26话,,,1,10981,10981,157,270,1613,139302,日本,0,1,2250,2250,https://www.bilibili.com/bangumi/play/ss2250
饿沙罗鬼,全25话,,,1,21781,21781,272,420,2699,256246,日本,0,1,2247,2247,https://www.bilibili.com/bangumi/play/ss2247
波波罗古洛伊斯物语,全25话,,,1,4698,4698,72,91,362,45687,日本,0,1,2245,2245,https://www.bilibili.com/bangumi/play/ss2245
守护月天,全22话,,,1,22121,22121,461,638,2742,329111,日本,0,1,2244,2244,https://www.bilibili.com/bangumi/play/ss2244
快杰蒸汽侦探团,全26话,,,1,24202,24202,1581,2388,660,186783,日本,0,1,2243,2243,https://www.bilibili.com/bangumi/play/ss2243
伊甸少年,全26话,,,1,5327,5327,85,247,3,1331770,日本,0,1,2237,2237,https://www.bilibili.com/bangumi/play/ss2237
宇宙战舰山本洋子,全3话,,,1,23228,2870,57,106,204,60076,日本,0,1,2226,2226,https://www.bilibili.com/bangumi/play/ss2226
宇宙战舰山本洋子,全26话,,,1,23228,22457,3197,2027,1481,196232,日本,0,1,2225,2225,https://www.bilibili.com/bangumi/play/ss2225
火魅子传,全12话,,,1,14929,14929,141,259,1072,147480,日本,0,1,2223,2223,https://www.bilibili.com/bangumi/play/ss2223
微星小超人,全52话,,,1,6062,6062,210,478,973,219595,日本,0,1,2222,2222,https://www.bilibili.com/bangumi/play/ss2222
日本第一男人之魂,全16话,,,1,11116,11116,179,285,2058,240803,日本,0,1,2220,2220,https://www.bilibili.com/bangumi/play/ss2220
进化战记,全26话,,,1,15173,15173,261,496,2758,264490,日本,0,1,2216,2216,https://www.bilibili.com/bangumi/play/ss2216
A.D.特警,全12话,,,1,10769,10769,364,744,252,98460,日本,0,1,2213,2213,https://www.bilibili.com/bangumi/play/ss2213
地球防卫企业,全26话,,,1,7610,7610,257,361,5219,162926,日本,0,1,2207,2207,https://www.bilibili.com/bangumi/play/ss2207
格斗小霸王,全26话,,,1,3170,3170,28,46,342,81296,日本,0,1,2201,2201,https://www.bilibili.com/bangumi/play/ss2201
六翼天使之声,全12话,,,1,11078,11078,74,34,1966,18090,日本,0,1,2197,2197,https://www.bilibili.com/bangumi/play/ss2197
女神候补生,全12话,,,1,15957,15957,104,223,1468,273874,日本,0,1,2167,2167,https://www.bilibili.com/bangumi/play/ss2167
星界的战旗 星界的战旗III,全1话,,,1,17285,3628,744,706,10159,524696,日本,0,1,2166,2166,https://www.bilibili.com/bangumi/play/ss2166
星界的战旗TV版 星界的战旗II,全10话,,,1,17285,3504,744,706,10159,524696,日本,0,1,2165,2165,https://www.bilibili.com/bangumi/play/ss2165
星界的战旗 TV版 星界的战旗I,全13话,,,1,17285,6293,744,706,10159,524696,日本,0,1,2164,2164,https://www.bilibili.com/bangumi/play/ss2164
X战警：进化,全13话,,,1,26896,26896,578,1464,10690,2515089,美国,0,1,2160,2160,https://www.bilibili.com/bangumi/play/ss2160
DOUBLE CIRCLE,全4话,,,1,22587,22587,51,37,4600,260271,日本,0,1,216,216,https://www.bilibili.com/bangumi/play/ss216
魔神坛斗士 辉煌帝传说,全4话,,,1,95605,18882,269,1073,3148,407896,日本,0,1,21565,10912,https://www.bilibili.com/bangumi/play/ss21565
无敌王,全22话,,,1,3185,3185,55,173,180,97895,日本,0,1,2156,2156,https://www.bilibili.com/bangumi/play/ss2156
百变之星 崭新之翼 EXTRA STAGE 不笑的公主,全1话,,,1,51187,10876,1273,1414,14342,865350,日本,0,1,21473,8832,https://www.bilibili.com/bangumi/play/ss21473
激斗战车（粤语）,全68话,,,1,11415,7179,313,622,9881,602765,日本,0,1,2120,2120,https://www.bilibili.com/bangumi/play/ss2120
辣妹当家,全52话,,,1,21440,21440,368,906,4105,423035,日本,0,1,2096,2096,https://www.bilibili.com/bangumi/play/ss2096
战斗陀螺 剧场版,全1话,,,1,33586,3178,65,147,283,95398,日本,0,1,2090,2090,https://www.bilibili.com/bangumi/play/ss2090?theme=movie
战斗陀螺 第二季,全51话,,,1,33586,9012,179,370,3063,623461,日本,0,1,2089,2089,https://www.bilibili.com/bangumi/play/ss2089
DI GI CHARAT Nyo,全50话,,,1,38003,9376,139,224,688,88862,日本,0,1,2087,2087,https://www.bilibili.com/bangumi/play/ss2087
Di Gi Charat Panyo Panyo,全48话,,,1,38003,5682,114,185,529,68131,日本,0,1,2086,2086,https://www.bilibili.com/bangumi/play/ss2086
天使特警2,全24话,,,1,61828,26990,1580,1946,1414,308164,日本,0,1,2060,2060,https://www.bilibili.com/bangumi/play/ss2060
钢琴恋曲,全10话,,,1,7465,7465,103,182,925,91200,日本,0,1,2058,2058,https://www.bilibili.com/bangumi/play/ss2058
喷嚏大魔怪,全52话,,,1,18239,18239,7624,6195,1329,179285,日本,0,1,20554,8272,https://www.bilibili.com/bangumi/play/ss20554
东京地下城,全26话,,,1,23155,23155,157,323,1548,240923,日本,0,1,2035,2035,https://www.bilibili.com/bangumi/play/ss2035
铁胆火车侠 第二季,全52话,,,1,59691,15174,232,466,2244,460230,日本,0,1,2032,2032,https://www.bilibili.com/bangumi/play/ss2032
野狼前锋,全52话,,,1,7601,7601,223,362,3804,513285,日本,0,1,2027,2027,https://www.bilibili.com/bangumi/play/ss2027
神魂合体GODANNAR！！,全13话,,,1,12373,11073,206,463,5734,300796,日本,0,1,1993,1993,https://www.bilibili.com/bangumi/play/ss1993
四圣兽 光阴叙事诗天使谭,全13话,,,1,38748,29599,226,3841,907,290113,日本,0,1,1977,1977,https://www.bilibili.com/bangumi/play/ss1977
四圣兽 ～几千个昼与夜篇～,全2话,,,1,38748,7871,32,51,2839,113656,日本,0,1,1976,1976,https://www.bilibili.com/bangumi/play/ss1976
四圣兽 ～圣兽降临篇～,全6话,,,1,38748,15917,91,2864,246,125984,日本,0,1,1975,1975,https://www.bilibili.com/bangumi/play/ss1975
骇客时空 黄昏的腕轮传说,全12话,,,1,20054,20054,627,639,1624,174917,日本,0,1,1959,1959,https://www.bilibili.com/bangumi/play/ss1959
铁人28号 白昼之残月,全1话,,,1,25142,4485,95,1297,71,63317,日本,0,1,1954,1954,https://www.bilibili.com/bangumi/play/ss1954?theme=movie
铁人28号 2004版,全26话,,,1,25142,8831,354,2069,1561,191770,日本,0,1,1953,1953,https://www.bilibili.com/bangumi/play/ss1953
超电动机器人 铁人28号FX,全47话,,,1,25142,3690,46,252,138,129568,日本,0,1,1952,1952,https://www.bilibili.com/bangumi/play/ss1952
太阳的使者 铁人28号,全51话,,,1,25142,11189,61,283,203,145608,日本,0,1,1951,1951,https://www.bilibili.com/bangumi/play/ss1951
铁人28号,全50话,,,1,25142,6864,114,395,943,200436,日本,0,1,1950,1950,https://www.bilibili.com/bangumi/play/ss1950
银河天使Z,全18话,,,1,19796,5137,96,117,1339,74819,日本,0,1,1943,1943,https://www.bilibili.com/bangumi/play/ss1943
银河天使,全26话,,,1,19796,17062,188,262,2463,212317,日本,0,1,1942,1942,https://www.bilibili.com/bangumi/play/ss1942
驰风！赛艇王 V,全25话,,,1,8391,9422,1521,915,430,132374,日本,0,1,1919,13293448,https://www.bilibili.com/bangumi/play/ss1919
驰风！赛艇王,全25话,,,1,11727,3614,1803,1035,801,128186,日本,0,1,1918,8981283,https://www.bilibili.com/bangumi/play/ss1918
御伽草子,全26话,,,1,27929,27929,359,447,8422,236748,日本,0,1,1895,1895,https://www.bilibili.com/bangumi/play/ss1895
风-心之呼吸-,全16话,,,1,20013,18094,253,295,2907,260910,日本,0,1,1891,1891,https://www.bilibili.com/bangumi/play/ss1891
奇幻旅程,全26话,,,1,10737,10737,187,188,3047,102423,日本,0,1,1889,1889,https://www.bilibili.com/bangumi/play/ss1889
遥远时空中 紫阳花物语,全2话,,,1,102481,13454,56,208,736,172985,日本,0,1,1883,1883,https://www.bilibili.com/bangumi/play/ss1883
吟游默示录 wieder,全13话,,,1,83595,30874,680,1993,1052,219800,日本,0,1,1879,1879,https://www.bilibili.com/bangumi/play/ss1879
王牌鉴定人,全37话,,,1,13740,13740,157,152,862,142338,日本,0,1,1851,1851,https://www.bilibili.com/bangumi/play/ss1851
出云战记,全12话,,,1,25577,25577,178,353,2422,266521,日本,0,1,1849,1849,https://www.bilibili.com/bangumi/play/ss1849
快乐七人组,全13话,,,1,6796,6796,100,116,743,73329,日本,0,1,1845,1845,https://www.bilibili.com/bangumi/play/ss1845
机动新撰组 萌之剑,全13话,,9.0,1,38676,38676,491,3245,938,351150,日本,0,1,1841,1841,https://www.bilibili.com/bangumi/play/ss1841
太空堡垒 第三季,全25话,,,1,50981,11746,2323,1034,2699,449627,美国,0,1,1807,1807,https://www.bilibili.com/bangumi/play/ss1807
太空堡垒 第二季,全24话,,,1,50981,10139,1777,1042,2867,357890,美国,0,1,1806,1806,https://www.bilibili.com/bangumi/play/ss1806
虽然是玻璃假面 2013版,全17话,,,1,44664,4428,177,207,3558,327225,日本,0,1,1764,1764,https://www.bilibili.com/bangumi/play/ss1764
究极KERORO 奇迹的时空岛,全1话,,,1,9760,9760,44,12,1513,82168,日本,0,1,1751,1751,https://www.bilibili.com/bangumi/play/ss1751
变形金刚 领袖之证（日版）,全52话,,,1,212199,7383,204,1204,5053,642989,美国,0,1,1725,1725,https://www.bilibili.com/bangumi/play/ss1725
变形金刚 领袖之证 第二季（美版）,全8话,,,1,212199,19634,357,1229,2797,872456,美国,0,1,1724,1724,https://www.bilibili.com/bangumi/play/ss1724
PUNKISS！2次元,全24话,,,1,10652,10652,300,193,7566,388471,日本,0,1,1698,1698,https://www.bilibili.com/bangumi/play/ss1698
罗德岛战记 享用罗德岛战记,全13话,,,1,218560,12950,182,594,1299,550533,日本,0,1,164,164,https://www.bilibili.com/bangumi/play/ss164
魔法少女砂沙美,全26话,,,1,134078,28947,149,314,1417,254832,日本,0,1,1615,1615,https://www.bilibili.com/bangumi/play/ss1615
黏黏糊糊!!角质君 第2期,全13话,,,1,20458,6870,76,45,3089,284679,日本,0,1,1572,1572,https://www.bilibili.com/bangumi/play/ss1572
黏黏糊糊！！角质君,全25话,,,1,20458,18866,523,232,15646,1525913,日本,0,1,1571,1571,https://www.bilibili.com/bangumi/play/ss1571
Doamaiger D,全13话,,,1,3288,3288,686,835,201,74315,日本,0,1,1506,129612,https://www.bilibili.com/bangumi/play/ss1506
少年好莱坞 第二季,全13话,限时免费,,1,30705,6724,322,3054,507,134739,日本,0,1,1496,28229393,https://www.bilibili.com/bangumi/play/ss1496
战国无双SP 真田之章,全1话,,,1,47835,12279,289,537,1625,133366,日本,0,1,1494,1494,https://www.bilibili.com/bangumi/play/ss1494
怪医美女RAY,全13话,,,1,20881,20881,225,302,4719,257750,日本,0,1,1482,1482,https://www.bilibili.com/bangumi/play/ss1482
格斗美神·武龙,全25话,,,1,6615,6615,66,208,475,107432,日本,0,1,1478,1478,https://www.bilibili.com/bangumi/play/ss1478
玻璃舰队,全26话,,,1,11915,11915,81,296,774,163512,日本,0,1,1469,1469,https://www.bilibili.com/bangumi/play/ss1469
莉莉和青蛙和弟弟,全1话,,,1,6830,6830,51,70,470,44202,日本,0,1,1444,1444,https://www.bilibili.com/bangumi/play/ss1444
恋之魔法波波糖,全13话,,,1,24797,24797,295,835,2767,415121,日本,0,1,1442,1442,https://www.bilibili.com/bangumi/play/ss1442
无罪的维纳斯,全12话,,,1,36585,36585,260,272,5604,307505,日本,0,1,1437,1437,https://www.bilibili.com/bangumi/play/ss1437
银色的奥林西斯,全12话,,,1,15627,15627,96,177,1449,193397,日本,0,1,1430,1430,https://www.bilibili.com/bangumi/play/ss1430
月桂树的王子们,全13话,,,1,43657,43657,163,394,5437,507179,日本,0,1,1427,1427,https://www.bilibili.com/bangumi/play/ss1427
天保异闻妖奇士,全25话,,,1,20151,17586,94,5,3054,128331,日本,0,1,1417,1417,https://www.bilibili.com/bangumi/play/ss1417
键姬物语 永久爱丽丝轮舞曲,全13话,,,1,42896,42896,264,347,2968,327959,日本,0,1,1401,1401,https://www.bilibili.com/bangumi/play/ss1401
零秒出手,全13话,,,1,18038,16416,308,648,4989,640032,日本,0,1,1373,1373,https://www.bilibili.com/bangumi/play/ss1373
铁子之旅,全13话,,,1,1783,1783,31,47,261,29394,日本,0,1,1358,1358,https://www.bilibili.com/bangumi/play/ss1358
向日葵！ 第二季,全13话,,,1,23498,7973,73,79,750,83363,日本,0,1,1326,1326,https://www.bilibili.com/bangumi/play/ss1326
向日葵！ 第一季,全13话,,,1,23498,20577,176,202,2362,208153,日本,0,1,1325,1325,https://www.bilibili.com/bangumi/play/ss1325
神圣十月,全26话,,,1,45858,45858,287,669,2495,408060,日本,0,1,1321,1321,https://www.bilibili.com/bangumi/play/ss1321
银河铁道物语,全26话,,,1,24816,18683,439,1735,1879,169962,日本,0,1,1312,1312,https://www.bilibili.com/bangumi/play/ss1312
机神大战巨型方程式,全26话,,,1,11455,11455,166,201,1703,187572,日本,0,1,1277,1277,https://www.bilibili.com/bangumi/play/ss1277
全力兔子,全52话,,,1,6963,6963,75,98,652,79234,日本,0,1,1269,1269,https://www.bilibili.com/bangumi/play/ss1269
星之海的爱玛丽,全3话,,,1,7190,7190,69,12,808,29023,日本,0,1,1260,1260,https://www.bilibili.com/bangumi/play/ss1260
RD潜脑调查室,全26话,,,1,12582,12582,179,36,4217,139471,日本,0,1,1248,1248,https://www.bilibili.com/bangumi/play/ss1248
野良耳,全12话,,,1,7394,3312,74,65,1866,103787,日本,0,1,1229,1229,https://www.bilibili.com/bangumi/play/ss1229
冬季恋歌,全26话,,,1,22676,22676,192,377,2669,294845,日本,0,1,1171,1171,https://www.bilibili.com/bangumi/play/ss1171
川之光,全1话,,,1,22828,22828,537,1395,2144,289517,日本,0,1,1143,1143,https://www.bilibili.com/bangumi/play/ss1143
毒蛇信条,全12话,,,1,16958,16958,121,306,2251,181291,日本,0,1,1099,1099,https://www.bilibili.com/bangumi/play/ss1099
面包咪咪,全5话,,,1,6497,6497,40,86,153,72557,日本,0,1,1007,1007,https://www.bilibili.com/bangumi/play/ss1007
一期一会~你的话语~,全13话,,,1,11588,11588,148,133,867,80409,日本,0,1,1006,1006,https://www.bilibili.com/bangumi/play/ss1006
